#
# There is insufficient memory for the Java Runtime Environment to continue.
# Native memory allocation (malloc) failed to allocate 1048576 bytes. Error detail: AllocateHeap
# Possible reasons:
#   The system is out of physical RAM or swap space
#   This process is running with CompressedOops enabled, and the Java Heap may be blocking the growth of the native heap
# Possible solutions:
#   Reduce memory load on the system
#   Increase physical memory or swap space
#   Check if swap backing store is full
#   Decrease Java heap size (-Xmx/-Xms)
#   Decrease number of Java threads
#   Decrease Java thread stack sizes (-Xss)
#   Set larger code cache with -XX:ReservedCodeCacheSize=
#   JVM is running with Zero Based Compressed Oops mode in which the Java heap is
#     placed in the first 32GB address space. The Java Heap base address is the
#     maximum limit for the native heap growth. Please use -XX:HeapBaseMinAddress
#     to set the Java Heap base and to place the Java Heap above 32GB virtual address.
# This output file may be truncated or incomplete.
#
#  Out of Memory Error (allocation.cpp:44), pid=20760, tid=4160
#
# JRE version: OpenJDK Runtime Environment Temurin-21.0.10+7 (21.0.10+7) (build 21.0.10+7-LTS)
# Java VM: OpenJDK 64-Bit Server VM Temurin-21.0.10+7 (21.0.10+7-LTS, mixed mode, sharing, tiered, compressed oops, compressed class ptrs, g1 gc, windows-amd64)
# No core dump will be written. Minidumps are not enabled by default on client versions of Windows
#

---------------  S U M M A R Y ------------

Command Line: --add-modules=ALL-SYSTEM --add-opens=java.base/java.util=ALL-UNNAMED --add-opens=java.base/java.lang=ALL-UNNAMED --add-opens=java.base/sun.nio.fs=ALL-UNNAMED -Declipse.application=org.eclipse.jdt.ls.core.id1 -Dosgi.bundles.defaultStartLevel=4 -Declipse.product=org.eclipse.jdt.ls.core.product -Djava.import.generatesMetadataFilesAtProjectRoot=false -DDetectVMInstallationsJob.disabled=true -Dfile.encoding=utf8 -Xlog:disable -Xms1G -Xmx4G -XX:+UseG1GC -XX:+UseStringDeduplication -javaagent:c:\Users\singh\.vscode\extensions\redhat.java-1.54.0-win32-x64\lombok\lombok-1.18.39-4050.jar -XX:+HeapDumpOnOutOfMemoryError -XX:HeapDumpPath=c:\Users\singh\AppData\Roaming\Code\User\workspaceStorage\5bfa5ff844e019faa1abcc2f27ed1f56\redhat.java -Daether.dependencyCollector.impl=bf c:\Users\singh\.vscode\extensions\redhat.java-1.54.0-win32-x64\server\plugins\org.eclipse.equinox.launcher_1.7.100.v20251111-0406.jar -configuration c:\Users\singh\AppData\Roaming\Code\User\globalStorage\redhat.java\1.54.0\config_win -data c:\Users\singh\AppData\Roaming\Code\User\workspaceStorage\5bfa5ff844e019faa1abcc2f27ed1f56\redhat.java\jdt_ws --pipe=\\.\pipe\lsp-60b87f1ae94310094cc46f6f9cff65bc-sock

Host: Intel(R) Core(TM) i5-8300H CPU @ 2.30GHz, 8 cores, 15G,  Windows 11 , 64 bit Build 26100 (10.0.26100.8328)
Time: Thu Jun  4 19:13:42 2026 India Standard Time elapsed time: 59509.876214 seconds (0d 16h 31m 49s)

---------------  T H R E A D  ---------------

Current thread (0x0000025be2bbcd90):  JavaThread "Attach Listener" daemon [_thread_in_vm, id=4160, stack(0x000000ff6cf00000,0x000000ff6d000000) (1024K)]

Stack: [0x000000ff6cf00000,0x000000ff6d000000]
Native frames: (J=compiled Java code, j=interpreted, Vv=VM code, C=native code)
V  [jvm.dll+0x6d7a39]
V  [jvm.dll+0x8b4b26]
V  [jvm.dll+0x8b70de]
V  [jvm.dll+0x8b77c3]
V  [jvm.dll+0x284346]
V  [jvm.dll+0xc1277]
V  [jvm.dll+0x6d82e9]
V  [jvm.dll+0x1334a6]
V  [jvm.dll+0x3f857e]
V  [jvm.dll+0x85f59d]
V  [jvm.dll+0x6d626d]
C  [ucrtbase.dll+0x37b0]
C  [KERNEL32.DLL+0x2e957]
C  [ntdll.dll+0x427c]


---------------  P R O C E S S  ---------------

Threads class SMR info:
_java_thread_list=0x0000025beaae4fd0, length=36, elements={
0x0000025bc679a1e0, 0x0000025be2bb5b20, 0x0000025be2bb7a40, 0x0000025be2bb9fa0,
0x0000025be2bbcd90, 0x0000025be2bba630, 0x0000025be2bbb9e0, 0x0000025be2bc2850,
0x0000025be2c28210, 0x0000025be2bbc070, 0x0000025be2bbacc0, 0x0000025be2bbc700,
0x0000025be2bbd420, 0x0000025be2bbb350, 0x0000025be75554f0, 0x0000025be7556210,
0x0000025be75582e0, 0x0000025be75568a0, 0x0000025be7556f30, 0x0000025be7557c50,
0x0000025be98a6690, 0x0000025be98a8df0, 0x0000025be98a73b0, 0x0000025be98a9480,
0x0000025be98a7a40, 0x0000025be98a80d0, 0x0000025be98a8760, 0x0000025be98a6d20,
0x0000025be98ab550, 0x0000025be98abbe0, 0x0000025be98ac270, 0x0000025be98ac900,
0x0000025be98acf90, 0x0000025be98adcb0, 0x0000025be98aa830, 0x0000025bea7d8f30
}

Java Threads: ( => current thread )
  0x0000025bc679a1e0 JavaThread "main"                              [_thread_blocked, id=4936, stack(0x000000ff6c400000,0x000000ff6c500000) (1024K)]
  0x0000025be2bb5b20 JavaThread "Reference Handler"          daemon [_thread_blocked, id=21804, stack(0x000000ff6cc00000,0x000000ff6cd00000) (1024K)]
  0x0000025be2bb7a40 JavaThread "Finalizer"                  daemon [_thread_blocked, id=19444, stack(0x000000ff6cd00000,0x000000ff6ce00000) (1024K)]
  0x0000025be2bb9fa0 JavaThread "Signal Dispatcher"          daemon [_thread_blocked, id=22416, stack(0x000000ff6ce00000,0x000000ff6cf00000) (1024K)]
=>0x0000025be2bbcd90 JavaThread "Attach Listener"            daemon [_thread_in_vm, id=4160, stack(0x000000ff6cf00000,0x000000ff6d000000) (1024K)]
  0x0000025be2bba630 JavaThread "Service Thread"             daemon [_thread_blocked, id=4264, stack(0x000000ff6d000000,0x000000ff6d100000) (1024K)]
  0x0000025be2bbb9e0 JavaThread "Monitor Deflation Thread"   daemon [_thread_blocked, id=21852, stack(0x000000ff6d100000,0x000000ff6d200000) (1024K)]
  0x0000025be2bc2850 JavaThread "C2 CompilerThread0"         daemon [_thread_blocked, id=13372, stack(0x000000ff6d200000,0x000000ff6d300000) (1024K)]
  0x0000025be2c28210 JavaThread "C1 CompilerThread0"         daemon [_thread_blocked, id=21284, stack(0x000000ff6d300000,0x000000ff6d400000) (1024K)]
  0x0000025be2bbc070 JavaThread "StringDedupThread"          daemon [_thread_blocked, id=21132, stack(0x000000ff6d400000,0x000000ff6d500000) (1024K)]
  0x0000025be2bbacc0 JavaThread "Common-Cleaner"             daemon [_thread_blocked, id=7436, stack(0x000000ff6d500000,0x000000ff6d600000) (1024K)]
  0x0000025be2bbc700 JavaThread "Notification Thread"        daemon [_thread_blocked, id=3136, stack(0x000000ff6d600000,0x000000ff6d700000) (1024K)]
  0x0000025be2bbd420 JavaThread "Active Thread: Equinox Container: 45a03a73-c32b-42d6-83f6-76dc10c4cf57"        [_thread_blocked, id=15312, stack(0x000000ff6d800000,0x000000ff6d900000) (1024K)]
  0x0000025be2bbb350 JavaThread "Refresh Thread: Equinox Container: 45a03a73-c32b-42d6-83f6-76dc10c4cf57" daemon [_thread_blocked, id=5396, stack(0x000000ff6d700000,0x000000ff6d800000) (1024K)]
  0x0000025be75554f0 JavaThread "Framework Event Dispatcher: Equinox Container: 45a03a73-c32b-42d6-83f6-76dc10c4cf57" daemon [_thread_blocked, id=18592, stack(0x000000ff6e000000,0x000000ff6e100000) (1024K)]
  0x0000025be7556210 JavaThread "Start Level: Equinox Container: 45a03a73-c32b-42d6-83f6-76dc10c4cf57" daemon [_thread_blocked, id=3844, stack(0x000000ff6e100000,0x000000ff6e200000) (1024K)]
  0x0000025be75582e0 JavaThread "Bundle File Closer"         daemon [_thread_blocked, id=22268, stack(0x000000ff6e300000,0x000000ff6e400000) (1024K)]
  0x0000025be75568a0 JavaThread "SCR Component Actor"        daemon [_thread_blocked, id=1772, stack(0x000000ff6c100000,0x000000ff6c200000) (1024K)]
  0x0000025be7556f30 JavaThread "Worker-JM"                         [_thread_blocked, id=11892, stack(0x000000ff6e400000,0x000000ff6e500000) (1024K)]
  0x0000025be7557c50 JavaThread "JNA Cleaner"                daemon [_thread_blocked, id=2696, stack(0x000000ff6e500000,0x000000ff6e600000) (1024K)]
  0x0000025be98a6690 JavaThread "Java indexing"              daemon [_thread_blocked, id=13940, stack(0x000000ff6eb00000,0x000000ff6ec00000) (1024K)]
  0x0000025be98a8df0 JavaThread "Worker-3"                          [_thread_blocked, id=3420, stack(0x000000ff6ec00000,0x000000ff6ed00000) (1024K)]
  0x0000025be98a73b0 JavaThread "Worker-4"                          [_thread_blocked, id=20520, stack(0x000000ff6ef00000,0x000000ff6f000000) (1024K)]
  0x0000025be98a9480 JavaThread "Thread-1"                   daemon [_thread_in_native, id=5752, stack(0x000000ff6f100000,0x000000ff6f200000) (1024K)]
  0x0000025be98a7a40 JavaThread "Thread-2"                   daemon [_thread_in_native, id=21364, stack(0x000000ff6f200000,0x000000ff6f300000) (1024K)]
  0x0000025be98a80d0 JavaThread "Thread-3"                   daemon [_thread_in_native, id=22296, stack(0x000000ff6f300000,0x000000ff6f400000) (1024K)]
  0x0000025be98a8760 JavaThread "Thread-4"                   daemon [_thread_in_native, id=2320, stack(0x000000ff6f400000,0x000000ff6f500000) (1024K)]
  0x0000025be98a6d20 JavaThread "Thread-5"                   daemon [_thread_in_native, id=18540, stack(0x000000ff6f500000,0x000000ff6f600000) (1024K)]
  0x0000025be98ab550 JavaThread "Thread-6"                   daemon [_thread_in_native, id=14420, stack(0x000000ff6f600000,0x000000ff6f700000) (1024K)]
  0x0000025be98abbe0 JavaThread "Thread-7"                   daemon [_thread_in_native, id=500, stack(0x000000ff6f700000,0x000000ff6f800000) (1024K)]
  0x0000025be98ac270 JavaThread "Thread-8"                   daemon [_thread_in_native, id=9220, stack(0x000000ff6f800000,0x000000ff6f900000) (1024K)]
  0x0000025be98ac900 JavaThread "Thread-9"                   daemon [_thread_in_native, id=9860, stack(0x000000ff6f900000,0x000000ff6fa00000) (1024K)]
  0x0000025be98acf90 JavaThread "pool-2-thread-1"                   [_thread_blocked, id=21988, stack(0x000000ff6fa00000,0x000000ff6fb00000) (1024K)]
  0x0000025be98adcb0 JavaThread "WorkspaceEventsHandler"            [_thread_blocked, id=21768, stack(0x000000ff6fb00000,0x000000ff6fc00000) (1024K)]
  0x0000025be98aa830 JavaThread "pool-1-thread-1"                   [_thread_blocked, id=21380, stack(0x000000ff6fc00000,0x000000ff6fd00000) (1024K)]
  0x0000025bea7d8f30 JavaThread "Cleaner-0"                  daemon [_thread_blocked, id=17668, stack(0x000000ff71200000,0x000000ff71300000) (1024K)]
Total: 36

Other Threads:
  0x0000025be2a7de20 VMThread "VM Thread"                           [id=11116, stack(0x000000ff6cb00000,0x000000ff6cc00000) (1024K)]
  0x0000025be2b9da20 WatcherThread "VM Periodic Task Thread"        [id=10584, stack(0x000000ff6ca00000,0x000000ff6cb00000) (1024K)]
  0x0000025bc8b3c500 WorkerThread "GC Thread#0"                     [id=13956, stack(0x000000ff6c500000,0x000000ff6c600000) (1024K)]
  0x0000025be75487e0 WorkerThread "GC Thread#1"                     [id=20516, stack(0x000000ff6d900000,0x000000ff6da00000) (1024K)]
  0x0000025be7548b90 WorkerThread "GC Thread#2"                     [id=20380, stack(0x000000ff6da00000,0x000000ff6db00000) (1024K)]
  0x0000025be7548f40 WorkerThread "GC Thread#3"                     [id=22044, stack(0x000000ff6db00000,0x000000ff6dc00000) (1024K)]
  0x0000025be7616790 WorkerThread "GC Thread#4"                     [id=20328, stack(0x000000ff6dc00000,0x000000ff6dd00000) (1024K)]
  0x0000025be7616b40 WorkerThread "GC Thread#5"                     [id=19504, stack(0x000000ff6dd00000,0x000000ff6de00000) (1024K)]
  0x0000025be7616ef0 WorkerThread "GC Thread#6"                     [id=19476, stack(0x000000ff6de00000,0x000000ff6df00000) (1024K)]
  0x0000025be76172a0 WorkerThread "GC Thread#7"                     [id=7900, stack(0x000000ff6df00000,0x000000ff6e000000) (1024K)]
  0x0000025bc8b4f230 ConcurrentGCThread "G1 Main Marker"            [id=2608, stack(0x000000ff6c600000,0x000000ff6c700000) (1024K)]
  0x0000025bc8b4fc50 WorkerThread "G1 Conc#0"                       [id=6072, stack(0x000000ff6c700000,0x000000ff6c800000) (1024K)]
  0x0000025be7d340d0 WorkerThread "G1 Conc#1"                       [id=4548, stack(0x000000ff6e800000,0x000000ff6e900000) (1024K)]
  0x0000025be2a4a060 ConcurrentGCThread "G1 Refine#0"               [id=5348, stack(0x000000ff6c800000,0x000000ff6c900000) (1024K)]
  0x0000025be2a4c010 ConcurrentGCThread "G1 Service"                [id=4104, stack(0x000000ff6c900000,0x000000ff6ca00000) (1024K)]
Total: 15

Threads with active compile tasks:
Total: 0

VM state: not at safepoint (normal execution)

VM Mutex/Monitor currently owned by a thread: None

Heap address: 0x0000000700000000, size: 4096 MB, Compressed Oops mode: Zero based, Oop shift amount: 3

CDS archive(s) mapped at: [0x0000025b80000000-0x0000025b80ba0000-0x0000025b80ba0000), size 12189696, SharedBaseAddress: 0x0000025b80000000, ArchiveRelocationMode: 1.
Compressed class space mapped at: 0x0000025b81000000-0x0000025bc1000000, reserved size: 1073741824
Narrow klass base: 0x0000025b80000000, Narrow klass shift: 0, Narrow klass range: 0x100000000

GC Precious Log:
 CardTable entry size: 512
 Card Set container configuration: InlinePtr #cards 4 size 8 Array Of Cards #cards 16 size 48 Howl #buckets 8 coarsen threshold 3686 Howl Bitmap #cards 512 size 80 coarsen threshold 460 Card regions per heap region 1 cards per card region 4096
 CPUs: 8 total, 8 available
 Memory: 16226M
 Large Page Support: Disabled
 NUMA Support: Disabled
 Compressed Oops: Enabled (Zero based)
 Heap Region Size: 2M
 Heap Min Capacity: 1G
 Heap Initial Capacity: 1G
 Heap Max Capacity: 4G
 Pre-touch: Disabled
 Parallel Workers: 8
 Concurrent Workers: 2
 Concurrent Refinement Workers: 8
 Periodic GC: Disabled
 String Deduplication is enabled

Heap:
 garbage-first heap   total 1048576K, used 235885K [0x0000000700000000, 0x0000000800000000)
  region size 2048K, 112 young (229376K), 20 survivors (40960K)
 Metaspace       used 71571K, committed 73024K, reserved 1114112K
  class space    used 7595K, committed 8192K, reserved 1048576K

Heap Regions: E=young(eden), S=young(survivor), O=old, HS=humongous(starts), HC=humongous(continues), CS=collection set, F=free, TAMS=top-at-mark-start, PB=parsable bottom
|   0|0x0000000700000000, 0x0000000700200000, 0x0000000700200000|100%| O|  |TAMS 0x0000000700000000| PB 0x0000000700000000| Untracked 
|   1|0x0000000700200000, 0x0000000700400000, 0x0000000700400000|100%| O|  |TAMS 0x0000000700200000| PB 0x0000000700200000| Untracked 
|   2|0x0000000700400000, 0x00000007005f7108, 0x0000000700600000| 98%| O|  |TAMS 0x0000000700400000| PB 0x0000000700400000| Untracked 
|   3|0x0000000700600000, 0x0000000700800000, 0x0000000700800000|100%|HS|  |TAMS 0x0000000700600000| PB 0x0000000700600000| Complete 
|   4|0x0000000700800000, 0x0000000700a00000, 0x0000000700a00000|100%|HS|  |TAMS 0x0000000700800000| PB 0x0000000700800000| Complete 
|   5|0x0000000700a00000, 0x0000000700a00000, 0x0000000700c00000|  0%| F|  |TAMS 0x0000000700a00000| PB 0x0000000700a00000| Untracked 
|   6|0x0000000700c00000, 0x0000000700c00000, 0x0000000700e00000|  0%| F|  |TAMS 0x0000000700c00000| PB 0x0000000700c00000| Untracked 
|   7|0x0000000700e00000, 0x0000000700e00000, 0x0000000701000000|  0%| F|  |TAMS 0x0000000700e00000| PB 0x0000000700e00000| Untracked 
|   8|0x0000000701000000, 0x0000000701000000, 0x0000000701200000|  0%| F|  |TAMS 0x0000000701000000| PB 0x0000000701000000| Untracked 
|   9|0x0000000701200000, 0x0000000701200000, 0x0000000701400000|  0%| F|  |TAMS 0x0000000701200000| PB 0x0000000701200000| Untracked 
|  10|0x0000000701400000, 0x0000000701400000, 0x0000000701600000|  0%| F|  |TAMS 0x0000000701400000| PB 0x0000000701400000| Untracked 
|  11|0x0000000701600000, 0x0000000701600000, 0x0000000701800000|  0%| F|  |TAMS 0x0000000701600000| PB 0x0000000701600000| Untracked 
|  12|0x0000000701800000, 0x0000000701800000, 0x0000000701a00000|  0%| F|  |TAMS 0x0000000701800000| PB 0x0000000701800000| Untracked 
|  13|0x0000000701a00000, 0x0000000701a00000, 0x0000000701c00000|  0%| F|  |TAMS 0x0000000701a00000| PB 0x0000000701a00000| Untracked 
|  14|0x0000000701c00000, 0x0000000701c00000, 0x0000000701e00000|  0%| F|  |TAMS 0x0000000701c00000| PB 0x0000000701c00000| Untracked 
|  15|0x0000000701e00000, 0x0000000701e00000, 0x0000000702000000|  0%| F|  |TAMS 0x0000000701e00000| PB 0x0000000701e00000| Untracked 
|  16|0x0000000702000000, 0x0000000702000000, 0x0000000702200000|  0%| F|  |TAMS 0x0000000702000000| PB 0x0000000702000000| Untracked 
|  17|0x0000000702200000, 0x0000000702200000, 0x0000000702400000|  0%| F|  |TAMS 0x0000000702200000| PB 0x0000000702200000| Untracked 
|  18|0x0000000702400000, 0x0000000702400000, 0x0000000702600000|  0%| F|  |TAMS 0x0000000702400000| PB 0x0000000702400000| Untracked 
|  19|0x0000000702600000, 0x0000000702600000, 0x0000000702800000|  0%| F|  |TAMS 0x0000000702600000| PB 0x0000000702600000| Untracked 
|  20|0x0000000702800000, 0x0000000702800000, 0x0000000702a00000|  0%| F|  |TAMS 0x0000000702800000| PB 0x0000000702800000| Untracked 
|  21|0x0000000702a00000, 0x0000000702a00000, 0x0000000702c00000|  0%| F|  |TAMS 0x0000000702a00000| PB 0x0000000702a00000| Untracked 
|  22|0x0000000702c00000, 0x0000000702c00000, 0x0000000702e00000|  0%| F|  |TAMS 0x0000000702c00000| PB 0x0000000702c00000| Untracked 
|  23|0x0000000702e00000, 0x0000000702e00000, 0x0000000703000000|  0%| F|  |TAMS 0x0000000702e00000| PB 0x0000000702e00000| Untracked 
|  24|0x0000000703000000, 0x0000000703000000, 0x0000000703200000|  0%| F|  |TAMS 0x0000000703000000| PB 0x0000000703000000| Untracked 
|  25|0x0000000703200000, 0x0000000703200000, 0x0000000703400000|  0%| F|  |TAMS 0x0000000703200000| PB 0x0000000703200000| Untracked 
|  26|0x0000000703400000, 0x0000000703400000, 0x0000000703600000|  0%| F|  |TAMS 0x0000000703400000| PB 0x0000000703400000| Untracked 
|  27|0x0000000703600000, 0x0000000703600000, 0x0000000703800000|  0%| F|  |TAMS 0x0000000703600000| PB 0x0000000703600000| Untracked 
|  28|0x0000000703800000, 0x0000000703800000, 0x0000000703a00000|  0%| F|  |TAMS 0x0000000703800000| PB 0x0000000703800000| Untracked 
|  29|0x0000000703a00000, 0x0000000703a00000, 0x0000000703c00000|  0%| F|  |TAMS 0x0000000703a00000| PB 0x0000000703a00000| Untracked 
|  30|0x0000000703c00000, 0x0000000703c00000, 0x0000000703e00000|  0%| F|  |TAMS 0x0000000703c00000| PB 0x0000000703c00000| Untracked 
|  31|0x0000000703e00000, 0x0000000703e00000, 0x0000000704000000|  0%| F|  |TAMS 0x0000000703e00000| PB 0x0000000703e00000| Untracked 
|  32|0x0000000704000000, 0x0000000704000000, 0x0000000704200000|  0%| F|  |TAMS 0x0000000704000000| PB 0x0000000704000000| Untracked 
|  33|0x0000000704200000, 0x0000000704200000, 0x0000000704400000|  0%| F|  |TAMS 0x0000000704200000| PB 0x0000000704200000| Untracked 
|  34|0x0000000704400000, 0x0000000704400000, 0x0000000704600000|  0%| F|  |TAMS 0x0000000704400000| PB 0x0000000704400000| Untracked 
|  35|0x0000000704600000, 0x0000000704600000, 0x0000000704800000|  0%| F|  |TAMS 0x0000000704600000| PB 0x0000000704600000| Untracked 
|  36|0x0000000704800000, 0x0000000704800000, 0x0000000704a00000|  0%| F|  |TAMS 0x0000000704800000| PB 0x0000000704800000| Untracked 
|  37|0x0000000704a00000, 0x0000000704a00000, 0x0000000704c00000|  0%| F|  |TAMS 0x0000000704a00000| PB 0x0000000704a00000| Untracked 
|  38|0x0000000704c00000, 0x0000000704c00000, 0x0000000704e00000|  0%| F|  |TAMS 0x0000000704c00000| PB 0x0000000704c00000| Untracked 
|  39|0x0000000704e00000, 0x0000000704e00000, 0x0000000705000000|  0%| F|  |TAMS 0x0000000704e00000| PB 0x0000000704e00000| Untracked 
|  40|0x0000000705000000, 0x0000000705000000, 0x0000000705200000|  0%| F|  |TAMS 0x0000000705000000| PB 0x0000000705000000| Untracked 
|  41|0x0000000705200000, 0x0000000705200000, 0x0000000705400000|  0%| F|  |TAMS 0x0000000705200000| PB 0x0000000705200000| Untracked 
|  42|0x0000000705400000, 0x0000000705400000, 0x0000000705600000|  0%| F|  |TAMS 0x0000000705400000| PB 0x0000000705400000| Untracked 
|  43|0x0000000705600000, 0x0000000705600000, 0x0000000705800000|  0%| F|  |TAMS 0x0000000705600000| PB 0x0000000705600000| Untracked 
|  44|0x0000000705800000, 0x0000000705800000, 0x0000000705a00000|  0%| F|  |TAMS 0x0000000705800000| PB 0x0000000705800000| Untracked 
|  45|0x0000000705a00000, 0x0000000705a00000, 0x0000000705c00000|  0%| F|  |TAMS 0x0000000705a00000| PB 0x0000000705a00000| Untracked 
|  46|0x0000000705c00000, 0x0000000705c00000, 0x0000000705e00000|  0%| F|  |TAMS 0x0000000705c00000| PB 0x0000000705c00000| Untracked 
|  47|0x0000000705e00000, 0x0000000705e00000, 0x0000000706000000|  0%| F|  |TAMS 0x0000000705e00000| PB 0x0000000705e00000| Untracked 
|  48|0x0000000706000000, 0x0000000706000000, 0x0000000706200000|  0%| F|  |TAMS 0x0000000706000000| PB 0x0000000706000000| Untracked 
|  49|0x0000000706200000, 0x0000000706200000, 0x0000000706400000|  0%| F|  |TAMS 0x0000000706200000| PB 0x0000000706200000| Untracked 
|  50|0x0000000706400000, 0x0000000706400000, 0x0000000706600000|  0%| F|  |TAMS 0x0000000706400000| PB 0x0000000706400000| Untracked 
|  51|0x0000000706600000, 0x0000000706600000, 0x0000000706800000|  0%| F|  |TAMS 0x0000000706600000| PB 0x0000000706600000| Untracked 
|  52|0x0000000706800000, 0x0000000706800000, 0x0000000706a00000|  0%| F|  |TAMS 0x0000000706800000| PB 0x0000000706800000| Untracked 
|  53|0x0000000706a00000, 0x0000000706a00000, 0x0000000706c00000|  0%| F|  |TAMS 0x0000000706a00000| PB 0x0000000706a00000| Untracked 
|  54|0x0000000706c00000, 0x0000000706c00000, 0x0000000706e00000|  0%| F|  |TAMS 0x0000000706c00000| PB 0x0000000706c00000| Untracked 
|  55|0x0000000706e00000, 0x0000000706e00000, 0x0000000707000000|  0%| F|  |TAMS 0x0000000706e00000| PB 0x0000000706e00000| Untracked 
|  56|0x0000000707000000, 0x0000000707000000, 0x0000000707200000|  0%| F|  |TAMS 0x0000000707000000| PB 0x0000000707000000| Untracked 
|  57|0x0000000707200000, 0x0000000707200000, 0x0000000707400000|  0%| F|  |TAMS 0x0000000707200000| PB 0x0000000707200000| Untracked 
|  58|0x0000000707400000, 0x0000000707400000, 0x0000000707600000|  0%| F|  |TAMS 0x0000000707400000| PB 0x0000000707400000| Untracked 
|  59|0x0000000707600000, 0x0000000707600000, 0x0000000707800000|  0%| F|  |TAMS 0x0000000707600000| PB 0x0000000707600000| Untracked 
|  60|0x0000000707800000, 0x0000000707800000, 0x0000000707a00000|  0%| F|  |TAMS 0x0000000707800000| PB 0x0000000707800000| Untracked 
|  61|0x0000000707a00000, 0x0000000707a00000, 0x0000000707c00000|  0%| F|  |TAMS 0x0000000707a00000| PB 0x0000000707a00000| Untracked 
|  62|0x0000000707c00000, 0x0000000707c00000, 0x0000000707e00000|  0%| F|  |TAMS 0x0000000707c00000| PB 0x0000000707c00000| Untracked 
|  63|0x0000000707e00000, 0x0000000707e00000, 0x0000000708000000|  0%| F|  |TAMS 0x0000000707e00000| PB 0x0000000707e00000| Untracked 
|  64|0x0000000708000000, 0x0000000708000000, 0x0000000708200000|  0%| F|  |TAMS 0x0000000708000000| PB 0x0000000708000000| Untracked 
|  65|0x0000000708200000, 0x0000000708200000, 0x0000000708400000|  0%| F|  |TAMS 0x0000000708200000| PB 0x0000000708200000| Untracked 
|  66|0x0000000708400000, 0x0000000708400000, 0x0000000708600000|  0%| F|  |TAMS 0x0000000708400000| PB 0x0000000708400000| Untracked 
|  67|0x0000000708600000, 0x0000000708600000, 0x0000000708800000|  0%| F|  |TAMS 0x0000000708600000| PB 0x0000000708600000| Untracked 
|  68|0x0000000708800000, 0x0000000708800000, 0x0000000708a00000|  0%| F|  |TAMS 0x0000000708800000| PB 0x0000000708800000| Untracked 
|  69|0x0000000708a00000, 0x0000000708a00000, 0x0000000708c00000|  0%| F|  |TAMS 0x0000000708a00000| PB 0x0000000708a00000| Untracked 
|  70|0x0000000708c00000, 0x0000000708c00000, 0x0000000708e00000|  0%| F|  |TAMS 0x0000000708c00000| PB 0x0000000708c00000| Untracked 
|  71|0x0000000708e00000, 0x0000000708e00000, 0x0000000709000000|  0%| F|  |TAMS 0x0000000708e00000| PB 0x0000000708e00000| Untracked 
|  72|0x0000000709000000, 0x0000000709000000, 0x0000000709200000|  0%| F|  |TAMS 0x0000000709000000| PB 0x0000000709000000| Untracked 
|  73|0x0000000709200000, 0x0000000709200000, 0x0000000709400000|  0%| F|  |TAMS 0x0000000709200000| PB 0x0000000709200000| Untracked 
|  74|0x0000000709400000, 0x0000000709400000, 0x0000000709600000|  0%| F|  |TAMS 0x0000000709400000| PB 0x0000000709400000| Untracked 
|  75|0x0000000709600000, 0x0000000709600000, 0x0000000709800000|  0%| F|  |TAMS 0x0000000709600000| PB 0x0000000709600000| Untracked 
|  76|0x0000000709800000, 0x0000000709800000, 0x0000000709a00000|  0%| F|  |TAMS 0x0000000709800000| PB 0x0000000709800000| Untracked 
|  77|0x0000000709a00000, 0x0000000709a00000, 0x0000000709c00000|  0%| F|  |TAMS 0x0000000709a00000| PB 0x0000000709a00000| Untracked 
|  78|0x0000000709c00000, 0x0000000709c00000, 0x0000000709e00000|  0%| F|  |TAMS 0x0000000709c00000| PB 0x0000000709c00000| Untracked 
|  79|0x0000000709e00000, 0x0000000709e00000, 0x000000070a000000|  0%| F|  |TAMS 0x0000000709e00000| PB 0x0000000709e00000| Untracked 
|  80|0x000000070a000000, 0x000000070a000000, 0x000000070a200000|  0%| F|  |TAMS 0x000000070a000000| PB 0x000000070a000000| Untracked 
|  81|0x000000070a200000, 0x000000070a200000, 0x000000070a400000|  0%| F|  |TAMS 0x000000070a200000| PB 0x000000070a200000| Untracked 
|  82|0x000000070a400000, 0x000000070a400000, 0x000000070a600000|  0%| F|  |TAMS 0x000000070a400000| PB 0x000000070a400000| Untracked 
|  83|0x000000070a600000, 0x000000070a600000, 0x000000070a800000|  0%| F|  |TAMS 0x000000070a600000| PB 0x000000070a600000| Untracked 
|  84|0x000000070a800000, 0x000000070a800000, 0x000000070aa00000|  0%| F|  |TAMS 0x000000070a800000| PB 0x000000070a800000| Untracked 
|  85|0x000000070aa00000, 0x000000070aa00000, 0x000000070ac00000|  0%| F|  |TAMS 0x000000070aa00000| PB 0x000000070aa00000| Untracked 
|  86|0x000000070ac00000, 0x000000070ac00000, 0x000000070ae00000|  0%| F|  |TAMS 0x000000070ac00000| PB 0x000000070ac00000| Untracked 
|  87|0x000000070ae00000, 0x000000070ae00000, 0x000000070b000000|  0%| F|  |TAMS 0x000000070ae00000| PB 0x000000070ae00000| Untracked 
|  88|0x000000070b000000, 0x000000070b000000, 0x000000070b200000|  0%| F|  |TAMS 0x000000070b000000| PB 0x000000070b000000| Untracked 
|  89|0x000000070b200000, 0x000000070b200000, 0x000000070b400000|  0%| F|  |TAMS 0x000000070b200000| PB 0x000000070b200000| Untracked 
|  90|0x000000070b400000, 0x000000070b400000, 0x000000070b600000|  0%| F|  |TAMS 0x000000070b400000| PB 0x000000070b400000| Untracked 
|  91|0x000000070b600000, 0x000000070b600000, 0x000000070b800000|  0%| F|  |TAMS 0x000000070b600000| PB 0x000000070b600000| Untracked 
|  92|0x000000070b800000, 0x000000070b800000, 0x000000070ba00000|  0%| F|  |TAMS 0x000000070b800000| PB 0x000000070b800000| Untracked 
|  93|0x000000070ba00000, 0x000000070ba00000, 0x000000070bc00000|  0%| F|  |TAMS 0x000000070ba00000| PB 0x000000070ba00000| Untracked 
|  94|0x000000070bc00000, 0x000000070bc00000, 0x000000070be00000|  0%| F|  |TAMS 0x000000070bc00000| PB 0x000000070bc00000| Untracked 
|  95|0x000000070be00000, 0x000000070be00000, 0x000000070c000000|  0%| F|  |TAMS 0x000000070be00000| PB 0x000000070be00000| Untracked 
|  96|0x000000070c000000, 0x000000070c000000, 0x000000070c200000|  0%| F|  |TAMS 0x000000070c000000| PB 0x000000070c000000| Untracked 
|  97|0x000000070c200000, 0x000000070c200000, 0x000000070c400000|  0%| F|  |TAMS 0x000000070c200000| PB 0x000000070c200000| Untracked 
|  98|0x000000070c400000, 0x000000070c400000, 0x000000070c600000|  0%| F|  |TAMS 0x000000070c400000| PB 0x000000070c400000| Untracked 
|  99|0x000000070c600000, 0x000000070c600000, 0x000000070c800000|  0%| F|  |TAMS 0x000000070c600000| PB 0x000000070c600000| Untracked 
| 100|0x000000070c800000, 0x000000070c800000, 0x000000070ca00000|  0%| F|  |TAMS 0x000000070c800000| PB 0x000000070c800000| Untracked 
| 101|0x000000070ca00000, 0x000000070ca00000, 0x000000070cc00000|  0%| F|  |TAMS 0x000000070ca00000| PB 0x000000070ca00000| Untracked 
| 102|0x000000070cc00000, 0x000000070cc00000, 0x000000070ce00000|  0%| F|  |TAMS 0x000000070cc00000| PB 0x000000070cc00000| Untracked 
| 103|0x000000070ce00000, 0x000000070ce00000, 0x000000070d000000|  0%| F|  |TAMS 0x000000070ce00000| PB 0x000000070ce00000| Untracked 
| 104|0x000000070d000000, 0x000000070d000000, 0x000000070d200000|  0%| F|  |TAMS 0x000000070d000000| PB 0x000000070d000000| Untracked 
| 105|0x000000070d200000, 0x000000070d200000, 0x000000070d400000|  0%| F|  |TAMS 0x000000070d200000| PB 0x000000070d200000| Untracked 
| 106|0x000000070d400000, 0x000000070d400000, 0x000000070d600000|  0%| F|  |TAMS 0x000000070d400000| PB 0x000000070d400000| Untracked 
| 107|0x000000070d600000, 0x000000070d600000, 0x000000070d800000|  0%| F|  |TAMS 0x000000070d600000| PB 0x000000070d600000| Untracked 
| 108|0x000000070d800000, 0x000000070d800000, 0x000000070da00000|  0%| F|  |TAMS 0x000000070d800000| PB 0x000000070d800000| Untracked 
| 109|0x000000070da00000, 0x000000070da00000, 0x000000070dc00000|  0%| F|  |TAMS 0x000000070da00000| PB 0x000000070da00000| Untracked 
| 110|0x000000070dc00000, 0x000000070dc00000, 0x000000070de00000|  0%| F|  |TAMS 0x000000070dc00000| PB 0x000000070dc00000| Untracked 
| 111|0x000000070de00000, 0x000000070de00000, 0x000000070e000000|  0%| F|  |TAMS 0x000000070de00000| PB 0x000000070de00000| Untracked 
| 112|0x000000070e000000, 0x000000070e000000, 0x000000070e200000|  0%| F|  |TAMS 0x000000070e000000| PB 0x000000070e000000| Untracked 
| 113|0x000000070e200000, 0x000000070e200000, 0x000000070e400000|  0%| F|  |TAMS 0x000000070e200000| PB 0x000000070e200000| Untracked 
| 114|0x000000070e400000, 0x000000070e400000, 0x000000070e600000|  0%| F|  |TAMS 0x000000070e400000| PB 0x000000070e400000| Untracked 
| 115|0x000000070e600000, 0x000000070e600000, 0x000000070e800000|  0%| F|  |TAMS 0x000000070e600000| PB 0x000000070e600000| Untracked 
| 116|0x000000070e800000, 0x000000070e800000, 0x000000070ea00000|  0%| F|  |TAMS 0x000000070e800000| PB 0x000000070e800000| Untracked 
| 117|0x000000070ea00000, 0x000000070ea00000, 0x000000070ec00000|  0%| F|  |TAMS 0x000000070ea00000| PB 0x000000070ea00000| Untracked 
| 118|0x000000070ec00000, 0x000000070ec00000, 0x000000070ee00000|  0%| F|  |TAMS 0x000000070ec00000| PB 0x000000070ec00000| Untracked 
| 119|0x000000070ee00000, 0x000000070ee00000, 0x000000070f000000|  0%| F|  |TAMS 0x000000070ee00000| PB 0x000000070ee00000| Untracked 
| 120|0x000000070f000000, 0x000000070f000000, 0x000000070f200000|  0%| F|  |TAMS 0x000000070f000000| PB 0x000000070f000000| Untracked 
| 121|0x000000070f200000, 0x000000070f200000, 0x000000070f400000|  0%| F|  |TAMS 0x000000070f200000| PB 0x000000070f200000| Untracked 
| 122|0x000000070f400000, 0x000000070f400000, 0x000000070f600000|  0%| F|  |TAMS 0x000000070f400000| PB 0x000000070f400000| Untracked 
| 123|0x000000070f600000, 0x000000070f600000, 0x000000070f800000|  0%| F|  |TAMS 0x000000070f600000| PB 0x000000070f600000| Untracked 
| 124|0x000000070f800000, 0x000000070f800000, 0x000000070fa00000|  0%| F|  |TAMS 0x000000070f800000| PB 0x000000070f800000| Untracked 
| 125|0x000000070fa00000, 0x000000070fa00000, 0x000000070fc00000|  0%| F|  |TAMS 0x000000070fa00000| PB 0x000000070fa00000| Untracked 
| 126|0x000000070fc00000, 0x000000070fc00000, 0x000000070fe00000|  0%| F|  |TAMS 0x000000070fc00000| PB 0x000000070fc00000| Untracked 
| 127|0x000000070fe00000, 0x000000070fe00000, 0x0000000710000000|  0%| F|  |TAMS 0x000000070fe00000| PB 0x000000070fe00000| Untracked 
| 128|0x0000000710000000, 0x0000000710000000, 0x0000000710200000|  0%| F|  |TAMS 0x0000000710000000| PB 0x0000000710000000| Untracked 
| 129|0x0000000710200000, 0x0000000710200000, 0x0000000710400000|  0%| F|  |TAMS 0x0000000710200000| PB 0x0000000710200000| Untracked 
| 130|0x0000000710400000, 0x0000000710400000, 0x0000000710600000|  0%| F|  |TAMS 0x0000000710400000| PB 0x0000000710400000| Untracked 
| 131|0x0000000710600000, 0x0000000710600000, 0x0000000710800000|  0%| F|  |TAMS 0x0000000710600000| PB 0x0000000710600000| Untracked 
| 132|0x0000000710800000, 0x0000000710800000, 0x0000000710a00000|  0%| F|  |TAMS 0x0000000710800000| PB 0x0000000710800000| Untracked 
| 133|0x0000000710a00000, 0x0000000710a00000, 0x0000000710c00000|  0%| F|  |TAMS 0x0000000710a00000| PB 0x0000000710a00000| Untracked 
| 134|0x0000000710c00000, 0x0000000710c00000, 0x0000000710e00000|  0%| F|  |TAMS 0x0000000710c00000| PB 0x0000000710c00000| Untracked 
| 135|0x0000000710e00000, 0x0000000710e00000, 0x0000000711000000|  0%| F|  |TAMS 0x0000000710e00000| PB 0x0000000710e00000| Untracked 
| 136|0x0000000711000000, 0x0000000711000000, 0x0000000711200000|  0%| F|  |TAMS 0x0000000711000000| PB 0x0000000711000000| Untracked 
| 137|0x0000000711200000, 0x0000000711200000, 0x0000000711400000|  0%| F|  |TAMS 0x0000000711200000| PB 0x0000000711200000| Untracked 
| 138|0x0000000711400000, 0x0000000711400000, 0x0000000711600000|  0%| F|  |TAMS 0x0000000711400000| PB 0x0000000711400000| Untracked 
| 139|0x0000000711600000, 0x0000000711600000, 0x0000000711800000|  0%| F|  |TAMS 0x0000000711600000| PB 0x0000000711600000| Untracked 
| 140|0x0000000711800000, 0x0000000711800000, 0x0000000711a00000|  0%| F|  |TAMS 0x0000000711800000| PB 0x0000000711800000| Untracked 
| 141|0x0000000711a00000, 0x0000000711a00000, 0x0000000711c00000|  0%| F|  |TAMS 0x0000000711a00000| PB 0x0000000711a00000| Untracked 
| 142|0x0000000711c00000, 0x0000000711c00000, 0x0000000711e00000|  0%| F|  |TAMS 0x0000000711c00000| PB 0x0000000711c00000| Untracked 
| 143|0x0000000711e00000, 0x0000000711e00000, 0x0000000712000000|  0%| F|  |TAMS 0x0000000711e00000| PB 0x0000000711e00000| Untracked 
| 144|0x0000000712000000, 0x0000000712000000, 0x0000000712200000|  0%| F|  |TAMS 0x0000000712000000| PB 0x0000000712000000| Untracked 
| 145|0x0000000712200000, 0x0000000712200000, 0x0000000712400000|  0%| F|  |TAMS 0x0000000712200000| PB 0x0000000712200000| Untracked 
| 146|0x0000000712400000, 0x0000000712400000, 0x0000000712600000|  0%| F|  |TAMS 0x0000000712400000| PB 0x0000000712400000| Untracked 
| 147|0x0000000712600000, 0x0000000712600000, 0x0000000712800000|  0%| F|  |TAMS 0x0000000712600000| PB 0x0000000712600000| Untracked 
| 148|0x0000000712800000, 0x0000000712800000, 0x0000000712a00000|  0%| F|  |TAMS 0x0000000712800000| PB 0x0000000712800000| Untracked 
| 149|0x0000000712a00000, 0x0000000712a00000, 0x0000000712c00000|  0%| F|  |TAMS 0x0000000712a00000| PB 0x0000000712a00000| Untracked 
| 150|0x0000000712c00000, 0x0000000712c00000, 0x0000000712e00000|  0%| F|  |TAMS 0x0000000712c00000| PB 0x0000000712c00000| Untracked 
| 151|0x0000000712e00000, 0x0000000712e00000, 0x0000000713000000|  0%| F|  |TAMS 0x0000000712e00000| PB 0x0000000712e00000| Untracked 
| 152|0x0000000713000000, 0x0000000713000000, 0x0000000713200000|  0%| F|  |TAMS 0x0000000713000000| PB 0x0000000713000000| Untracked 
| 153|0x0000000713200000, 0x0000000713200000, 0x0000000713400000|  0%| F|  |TAMS 0x0000000713200000| PB 0x0000000713200000| Untracked 
| 154|0x0000000713400000, 0x0000000713400000, 0x0000000713600000|  0%| F|  |TAMS 0x0000000713400000| PB 0x0000000713400000| Untracked 
| 155|0x0000000713600000, 0x0000000713600000, 0x0000000713800000|  0%| F|  |TAMS 0x0000000713600000| PB 0x0000000713600000| Untracked 
| 156|0x0000000713800000, 0x0000000713800000, 0x0000000713a00000|  0%| F|  |TAMS 0x0000000713800000| PB 0x0000000713800000| Untracked 
| 157|0x0000000713a00000, 0x0000000713a00000, 0x0000000713c00000|  0%| F|  |TAMS 0x0000000713a00000| PB 0x0000000713a00000| Untracked 
| 158|0x0000000713c00000, 0x0000000713c00000, 0x0000000713e00000|  0%| F|  |TAMS 0x0000000713c00000| PB 0x0000000713c00000| Untracked 
| 159|0x0000000713e00000, 0x0000000713e00000, 0x0000000714000000|  0%| F|  |TAMS 0x0000000713e00000| PB 0x0000000713e00000| Untracked 
| 160|0x0000000714000000, 0x0000000714000000, 0x0000000714200000|  0%| F|  |TAMS 0x0000000714000000| PB 0x0000000714000000| Untracked 
| 161|0x0000000714200000, 0x0000000714200000, 0x0000000714400000|  0%| F|  |TAMS 0x0000000714200000| PB 0x0000000714200000| Untracked 
| 162|0x0000000714400000, 0x0000000714400000, 0x0000000714600000|  0%| F|  |TAMS 0x0000000714400000| PB 0x0000000714400000| Untracked 
| 163|0x0000000714600000, 0x0000000714600000, 0x0000000714800000|  0%| F|  |TAMS 0x0000000714600000| PB 0x0000000714600000| Untracked 
| 164|0x0000000714800000, 0x0000000714800000, 0x0000000714a00000|  0%| F|  |TAMS 0x0000000714800000| PB 0x0000000714800000| Untracked 
| 165|0x0000000714a00000, 0x0000000714a00000, 0x0000000714c00000|  0%| F|  |TAMS 0x0000000714a00000| PB 0x0000000714a00000| Untracked 
| 166|0x0000000714c00000, 0x0000000714c00000, 0x0000000714e00000|  0%| F|  |TAMS 0x0000000714c00000| PB 0x0000000714c00000| Untracked 
| 167|0x0000000714e00000, 0x0000000714e00000, 0x0000000715000000|  0%| F|  |TAMS 0x0000000714e00000| PB 0x0000000714e00000| Untracked 
| 168|0x0000000715000000, 0x0000000715000000, 0x0000000715200000|  0%| F|  |TAMS 0x0000000715000000| PB 0x0000000715000000| Untracked 
| 169|0x0000000715200000, 0x0000000715200000, 0x0000000715400000|  0%| F|  |TAMS 0x0000000715200000| PB 0x0000000715200000| Untracked 
| 170|0x0000000715400000, 0x0000000715400000, 0x0000000715600000|  0%| F|  |TAMS 0x0000000715400000| PB 0x0000000715400000| Untracked 
| 171|0x0000000715600000, 0x0000000715600000, 0x0000000715800000|  0%| F|  |TAMS 0x0000000715600000| PB 0x0000000715600000| Untracked 
| 172|0x0000000715800000, 0x0000000715800000, 0x0000000715a00000|  0%| F|  |TAMS 0x0000000715800000| PB 0x0000000715800000| Untracked 
| 173|0x0000000715a00000, 0x0000000715a00000, 0x0000000715c00000|  0%| F|  |TAMS 0x0000000715a00000| PB 0x0000000715a00000| Untracked 
| 174|0x0000000715c00000, 0x0000000715c00000, 0x0000000715e00000|  0%| F|  |TAMS 0x0000000715c00000| PB 0x0000000715c00000| Untracked 
| 175|0x0000000715e00000, 0x0000000715e00000, 0x0000000716000000|  0%| F|  |TAMS 0x0000000715e00000| PB 0x0000000715e00000| Untracked 
| 176|0x0000000716000000, 0x0000000716000000, 0x0000000716200000|  0%| F|  |TAMS 0x0000000716000000| PB 0x0000000716000000| Untracked 
| 177|0x0000000716200000, 0x0000000716200000, 0x0000000716400000|  0%| F|  |TAMS 0x0000000716200000| PB 0x0000000716200000| Untracked 
| 178|0x0000000716400000, 0x0000000716400000, 0x0000000716600000|  0%| F|  |TAMS 0x0000000716400000| PB 0x0000000716400000| Untracked 
| 179|0x0000000716600000, 0x0000000716600000, 0x0000000716800000|  0%| F|  |TAMS 0x0000000716600000| PB 0x0000000716600000| Untracked 
| 180|0x0000000716800000, 0x0000000716800000, 0x0000000716a00000|  0%| F|  |TAMS 0x0000000716800000| PB 0x0000000716800000| Untracked 
| 181|0x0000000716a00000, 0x0000000716a00000, 0x0000000716c00000|  0%| F|  |TAMS 0x0000000716a00000| PB 0x0000000716a00000| Untracked 
| 182|0x0000000716c00000, 0x0000000716c00000, 0x0000000716e00000|  0%| F|  |TAMS 0x0000000716c00000| PB 0x0000000716c00000| Untracked 
| 183|0x0000000716e00000, 0x0000000716e00000, 0x0000000717000000|  0%| F|  |TAMS 0x0000000716e00000| PB 0x0000000716e00000| Untracked 
| 184|0x0000000717000000, 0x0000000717000000, 0x0000000717200000|  0%| F|  |TAMS 0x0000000717000000| PB 0x0000000717000000| Untracked 
| 185|0x0000000717200000, 0x0000000717200000, 0x0000000717400000|  0%| F|  |TAMS 0x0000000717200000| PB 0x0000000717200000| Untracked 
| 186|0x0000000717400000, 0x0000000717400000, 0x0000000717600000|  0%| F|  |TAMS 0x0000000717400000| PB 0x0000000717400000| Untracked 
| 187|0x0000000717600000, 0x0000000717600000, 0x0000000717800000|  0%| F|  |TAMS 0x0000000717600000| PB 0x0000000717600000| Untracked 
| 188|0x0000000717800000, 0x0000000717800000, 0x0000000717a00000|  0%| F|  |TAMS 0x0000000717800000| PB 0x0000000717800000| Untracked 
| 189|0x0000000717a00000, 0x0000000717a00000, 0x0000000717c00000|  0%| F|  |TAMS 0x0000000717a00000| PB 0x0000000717a00000| Untracked 
| 190|0x0000000717c00000, 0x0000000717c00000, 0x0000000717e00000|  0%| F|  |TAMS 0x0000000717c00000| PB 0x0000000717c00000| Untracked 
| 191|0x0000000717e00000, 0x0000000717e00000, 0x0000000718000000|  0%| F|  |TAMS 0x0000000717e00000| PB 0x0000000717e00000| Untracked 
| 192|0x0000000718000000, 0x0000000718000000, 0x0000000718200000|  0%| F|  |TAMS 0x0000000718000000| PB 0x0000000718000000| Untracked 
| 193|0x0000000718200000, 0x0000000718200000, 0x0000000718400000|  0%| F|  |TAMS 0x0000000718200000| PB 0x0000000718200000| Untracked 
| 194|0x0000000718400000, 0x0000000718400000, 0x0000000718600000|  0%| F|  |TAMS 0x0000000718400000| PB 0x0000000718400000| Untracked 
| 195|0x0000000718600000, 0x0000000718600000, 0x0000000718800000|  0%| F|  |TAMS 0x0000000718600000| PB 0x0000000718600000| Untracked 
| 196|0x0000000718800000, 0x0000000718800000, 0x0000000718a00000|  0%| F|  |TAMS 0x0000000718800000| PB 0x0000000718800000| Untracked 
| 197|0x0000000718a00000, 0x0000000718a00000, 0x0000000718c00000|  0%| F|  |TAMS 0x0000000718a00000| PB 0x0000000718a00000| Untracked 
| 198|0x0000000718c00000, 0x0000000718c00000, 0x0000000718e00000|  0%| F|  |TAMS 0x0000000718c00000| PB 0x0000000718c00000| Untracked 
| 199|0x0000000718e00000, 0x0000000718e00000, 0x0000000719000000|  0%| F|  |TAMS 0x0000000718e00000| PB 0x0000000718e00000| Untracked 
| 200|0x0000000719000000, 0x0000000719000000, 0x0000000719200000|  0%| F|  |TAMS 0x0000000719000000| PB 0x0000000719000000| Untracked 
| 201|0x0000000719200000, 0x0000000719200000, 0x0000000719400000|  0%| F|  |TAMS 0x0000000719200000| PB 0x0000000719200000| Untracked 
| 202|0x0000000719400000, 0x0000000719400000, 0x0000000719600000|  0%| F|  |TAMS 0x0000000719400000| PB 0x0000000719400000| Untracked 
| 203|0x0000000719600000, 0x0000000719600000, 0x0000000719800000|  0%| F|  |TAMS 0x0000000719600000| PB 0x0000000719600000| Untracked 
| 204|0x0000000719800000, 0x0000000719800000, 0x0000000719a00000|  0%| F|  |TAMS 0x0000000719800000| PB 0x0000000719800000| Untracked 
| 205|0x0000000719a00000, 0x0000000719a00000, 0x0000000719c00000|  0%| F|  |TAMS 0x0000000719a00000| PB 0x0000000719a00000| Untracked 
| 206|0x0000000719c00000, 0x0000000719c00000, 0x0000000719e00000|  0%| F|  |TAMS 0x0000000719c00000| PB 0x0000000719c00000| Untracked 
| 207|0x0000000719e00000, 0x0000000719e00000, 0x000000071a000000|  0%| F|  |TAMS 0x0000000719e00000| PB 0x0000000719e00000| Untracked 
| 208|0x000000071a000000, 0x000000071a000000, 0x000000071a200000|  0%| F|  |TAMS 0x000000071a000000| PB 0x000000071a000000| Untracked 
| 209|0x000000071a200000, 0x000000071a200000, 0x000000071a400000|  0%| F|  |TAMS 0x000000071a200000| PB 0x000000071a200000| Untracked 
| 210|0x000000071a400000, 0x000000071a400000, 0x000000071a600000|  0%| F|  |TAMS 0x000000071a400000| PB 0x000000071a400000| Untracked 
| 211|0x000000071a600000, 0x000000071a600000, 0x000000071a800000|  0%| F|  |TAMS 0x000000071a600000| PB 0x000000071a600000| Untracked 
| 212|0x000000071a800000, 0x000000071a800000, 0x000000071aa00000|  0%| F|  |TAMS 0x000000071a800000| PB 0x000000071a800000| Untracked 
| 213|0x000000071aa00000, 0x000000071aa00000, 0x000000071ac00000|  0%| F|  |TAMS 0x000000071aa00000| PB 0x000000071aa00000| Untracked 
| 214|0x000000071ac00000, 0x000000071ac00000, 0x000000071ae00000|  0%| F|  |TAMS 0x000000071ac00000| PB 0x000000071ac00000| Untracked 
| 215|0x000000071ae00000, 0x000000071ae00000, 0x000000071b000000|  0%| F|  |TAMS 0x000000071ae00000| PB 0x000000071ae00000| Untracked 
| 216|0x000000071b000000, 0x000000071b000000, 0x000000071b200000|  0%| F|  |TAMS 0x000000071b000000| PB 0x000000071b000000| Untracked 
| 217|0x000000071b200000, 0x000000071b200000, 0x000000071b400000|  0%| F|  |TAMS 0x000000071b200000| PB 0x000000071b200000| Untracked 
| 218|0x000000071b400000, 0x000000071b400000, 0x000000071b600000|  0%| F|  |TAMS 0x000000071b400000| PB 0x000000071b400000| Untracked 
| 219|0x000000071b600000, 0x000000071b600000, 0x000000071b800000|  0%| F|  |TAMS 0x000000071b600000| PB 0x000000071b600000| Untracked 
| 220|0x000000071b800000, 0x000000071b800000, 0x000000071ba00000|  0%| F|  |TAMS 0x000000071b800000| PB 0x000000071b800000| Untracked 
| 221|0x000000071ba00000, 0x000000071ba00000, 0x000000071bc00000|  0%| F|  |TAMS 0x000000071ba00000| PB 0x000000071ba00000| Untracked 
| 222|0x000000071bc00000, 0x000000071bc00000, 0x000000071be00000|  0%| F|  |TAMS 0x000000071bc00000| PB 0x000000071bc00000| Untracked 
| 223|0x000000071be00000, 0x000000071be00000, 0x000000071c000000|  0%| F|  |TAMS 0x000000071be00000| PB 0x000000071be00000| Untracked 
| 224|0x000000071c000000, 0x000000071c000000, 0x000000071c200000|  0%| F|  |TAMS 0x000000071c000000| PB 0x000000071c000000| Untracked 
| 225|0x000000071c200000, 0x000000071c200000, 0x000000071c400000|  0%| F|  |TAMS 0x000000071c200000| PB 0x000000071c200000| Untracked 
| 226|0x000000071c400000, 0x000000071c400000, 0x000000071c600000|  0%| F|  |TAMS 0x000000071c400000| PB 0x000000071c400000| Untracked 
| 227|0x000000071c600000, 0x000000071c600000, 0x000000071c800000|  0%| F|  |TAMS 0x000000071c600000| PB 0x000000071c600000| Untracked 
| 228|0x000000071c800000, 0x000000071c800000, 0x000000071ca00000|  0%| F|  |TAMS 0x000000071c800000| PB 0x000000071c800000| Untracked 
| 229|0x000000071ca00000, 0x000000071ca00000, 0x000000071cc00000|  0%| F|  |TAMS 0x000000071ca00000| PB 0x000000071ca00000| Untracked 
| 230|0x000000071cc00000, 0x000000071cc00000, 0x000000071ce00000|  0%| F|  |TAMS 0x000000071cc00000| PB 0x000000071cc00000| Untracked 
| 231|0x000000071ce00000, 0x000000071ce00000, 0x000000071d000000|  0%| F|  |TAMS 0x000000071ce00000| PB 0x000000071ce00000| Untracked 
| 232|0x000000071d000000, 0x000000071d000000, 0x000000071d200000|  0%| F|  |TAMS 0x000000071d000000| PB 0x000000071d000000| Untracked 
| 233|0x000000071d200000, 0x000000071d200000, 0x000000071d400000|  0%| F|  |TAMS 0x000000071d200000| PB 0x000000071d200000| Untracked 
| 234|0x000000071d400000, 0x000000071d400000, 0x000000071d600000|  0%| F|  |TAMS 0x000000071d400000| PB 0x000000071d400000| Untracked 
| 235|0x000000071d600000, 0x000000071d600000, 0x000000071d800000|  0%| F|  |TAMS 0x000000071d600000| PB 0x000000071d600000| Untracked 
| 236|0x000000071d800000, 0x000000071d800000, 0x000000071da00000|  0%| F|  |TAMS 0x000000071d800000| PB 0x000000071d800000| Untracked 
| 237|0x000000071da00000, 0x000000071da00000, 0x000000071dc00000|  0%| F|  |TAMS 0x000000071da00000| PB 0x000000071da00000| Untracked 
| 238|0x000000071dc00000, 0x000000071dc00000, 0x000000071de00000|  0%| F|  |TAMS 0x000000071dc00000| PB 0x000000071dc00000| Untracked 
| 239|0x000000071de00000, 0x000000071de00000, 0x000000071e000000|  0%| F|  |TAMS 0x000000071de00000| PB 0x000000071de00000| Untracked 
| 240|0x000000071e000000, 0x000000071e000000, 0x000000071e200000|  0%| F|  |TAMS 0x000000071e000000| PB 0x000000071e000000| Untracked 
| 241|0x000000071e200000, 0x000000071e200000, 0x000000071e400000|  0%| F|  |TAMS 0x000000071e200000| PB 0x000000071e200000| Untracked 
| 242|0x000000071e400000, 0x000000071e400000, 0x000000071e600000|  0%| F|  |TAMS 0x000000071e400000| PB 0x000000071e400000| Untracked 
| 243|0x000000071e600000, 0x000000071e600000, 0x000000071e800000|  0%| F|  |TAMS 0x000000071e600000| PB 0x000000071e600000| Untracked 
| 244|0x000000071e800000, 0x000000071e800000, 0x000000071ea00000|  0%| F|  |TAMS 0x000000071e800000| PB 0x000000071e800000| Untracked 
| 245|0x000000071ea00000, 0x000000071ea00000, 0x000000071ec00000|  0%| F|  |TAMS 0x000000071ea00000| PB 0x000000071ea00000| Untracked 
| 246|0x000000071ec00000, 0x000000071ec00000, 0x000000071ee00000|  0%| F|  |TAMS 0x000000071ec00000| PB 0x000000071ec00000| Untracked 
| 247|0x000000071ee00000, 0x000000071ee00000, 0x000000071f000000|  0%| F|  |TAMS 0x000000071ee00000| PB 0x000000071ee00000| Untracked 
| 248|0x000000071f000000, 0x000000071f000000, 0x000000071f200000|  0%| F|  |TAMS 0x000000071f000000| PB 0x000000071f000000| Untracked 
| 249|0x000000071f200000, 0x000000071f200000, 0x000000071f400000|  0%| F|  |TAMS 0x000000071f200000| PB 0x000000071f200000| Untracked 
| 250|0x000000071f400000, 0x000000071f400000, 0x000000071f600000|  0%| F|  |TAMS 0x000000071f400000| PB 0x000000071f400000| Untracked 
| 251|0x000000071f600000, 0x000000071f600000, 0x000000071f800000|  0%| F|  |TAMS 0x000000071f600000| PB 0x000000071f600000| Untracked 
| 252|0x000000071f800000, 0x000000071f800000, 0x000000071fa00000|  0%| F|  |TAMS 0x000000071f800000| PB 0x000000071f800000| Untracked 
| 253|0x000000071fa00000, 0x000000071fa00000, 0x000000071fc00000|  0%| F|  |TAMS 0x000000071fa00000| PB 0x000000071fa00000| Untracked 
| 254|0x000000071fc00000, 0x000000071fc00000, 0x000000071fe00000|  0%| F|  |TAMS 0x000000071fc00000| PB 0x000000071fc00000| Untracked 
| 255|0x000000071fe00000, 0x000000071fe00000, 0x0000000720000000|  0%| F|  |TAMS 0x000000071fe00000| PB 0x000000071fe00000| Untracked 
| 256|0x0000000720000000, 0x0000000720000000, 0x0000000720200000|  0%| F|  |TAMS 0x0000000720000000| PB 0x0000000720000000| Untracked 
| 257|0x0000000720200000, 0x0000000720200000, 0x0000000720400000|  0%| F|  |TAMS 0x0000000720200000| PB 0x0000000720200000| Untracked 
| 258|0x0000000720400000, 0x0000000720400000, 0x0000000720600000|  0%| F|  |TAMS 0x0000000720400000| PB 0x0000000720400000| Untracked 
| 259|0x0000000720600000, 0x0000000720600000, 0x0000000720800000|  0%| F|  |TAMS 0x0000000720600000| PB 0x0000000720600000| Untracked 
| 260|0x0000000720800000, 0x0000000720800000, 0x0000000720a00000|  0%| F|  |TAMS 0x0000000720800000| PB 0x0000000720800000| Untracked 
| 261|0x0000000720a00000, 0x0000000720a00000, 0x0000000720c00000|  0%| F|  |TAMS 0x0000000720a00000| PB 0x0000000720a00000| Untracked 
| 262|0x0000000720c00000, 0x0000000720c00000, 0x0000000720e00000|  0%| F|  |TAMS 0x0000000720c00000| PB 0x0000000720c00000| Untracked 
| 263|0x0000000720e00000, 0x0000000720e00000, 0x0000000721000000|  0%| F|  |TAMS 0x0000000720e00000| PB 0x0000000720e00000| Untracked 
| 264|0x0000000721000000, 0x0000000721000000, 0x0000000721200000|  0%| F|  |TAMS 0x0000000721000000| PB 0x0000000721000000| Untracked 
| 265|0x0000000721200000, 0x0000000721200000, 0x0000000721400000|  0%| F|  |TAMS 0x0000000721200000| PB 0x0000000721200000| Untracked 
| 266|0x0000000721400000, 0x0000000721400000, 0x0000000721600000|  0%| F|  |TAMS 0x0000000721400000| PB 0x0000000721400000| Untracked 
| 267|0x0000000721600000, 0x0000000721600000, 0x0000000721800000|  0%| F|  |TAMS 0x0000000721600000| PB 0x0000000721600000| Untracked 
| 268|0x0000000721800000, 0x0000000721864600, 0x0000000721a00000| 19%| S|CS|TAMS 0x0000000721800000| PB 0x0000000721800000| Complete 
| 269|0x0000000721a00000, 0x0000000721c00000, 0x0000000721c00000|100%| S|CS|TAMS 0x0000000721a00000| PB 0x0000000721a00000| Complete 
| 270|0x0000000721c00000, 0x0000000721e00000, 0x0000000721e00000|100%| S|CS|TAMS 0x0000000721c00000| PB 0x0000000721c00000| Complete 
| 271|0x0000000721e00000, 0x0000000722000000, 0x0000000722000000|100%| S|CS|TAMS 0x0000000721e00000| PB 0x0000000721e00000| Complete 
| 272|0x0000000722000000, 0x0000000722200000, 0x0000000722200000|100%| S|CS|TAMS 0x0000000722000000| PB 0x0000000722000000| Complete 
| 273|0x0000000722200000, 0x0000000722400000, 0x0000000722400000|100%| S|CS|TAMS 0x0000000722200000| PB 0x0000000722200000| Complete 
| 274|0x0000000722400000, 0x0000000722600000, 0x0000000722600000|100%| S|CS|TAMS 0x0000000722400000| PB 0x0000000722400000| Complete 
| 275|0x0000000722600000, 0x0000000722800000, 0x0000000722800000|100%| S|CS|TAMS 0x0000000722600000| PB 0x0000000722600000| Complete 
| 276|0x0000000722800000, 0x0000000722a00000, 0x0000000722a00000|100%| S|CS|TAMS 0x0000000722800000| PB 0x0000000722800000| Complete 
| 277|0x0000000722a00000, 0x0000000722c00000, 0x0000000722c00000|100%| S|CS|TAMS 0x0000000722a00000| PB 0x0000000722a00000| Complete 
| 278|0x0000000722c00000, 0x0000000722e00000, 0x0000000722e00000|100%| S|CS|TAMS 0x0000000722c00000| PB 0x0000000722c00000| Complete 
| 279|0x0000000722e00000, 0x0000000723000000, 0x0000000723000000|100%| S|CS|TAMS 0x0000000722e00000| PB 0x0000000722e00000| Complete 
| 280|0x0000000723000000, 0x0000000723200000, 0x0000000723200000|100%| S|CS|TAMS 0x0000000723000000| PB 0x0000000723000000| Complete 
| 281|0x0000000723200000, 0x0000000723400000, 0x0000000723400000|100%| S|CS|TAMS 0x0000000723200000| PB 0x0000000723200000| Complete 
| 282|0x0000000723400000, 0x0000000723600000, 0x0000000723600000|100%| S|CS|TAMS 0x0000000723400000| PB 0x0000000723400000| Complete 
| 283|0x0000000723600000, 0x0000000723800000, 0x0000000723800000|100%| S|CS|TAMS 0x0000000723600000| PB 0x0000000723600000| Complete 
| 284|0x0000000723800000, 0x0000000723a00000, 0x0000000723a00000|100%| S|CS|TAMS 0x0000000723800000| PB 0x0000000723800000| Complete 
| 285|0x0000000723a00000, 0x0000000723c00000, 0x0000000723c00000|100%| S|CS|TAMS 0x0000000723a00000| PB 0x0000000723a00000| Complete 
| 286|0x0000000723c00000, 0x0000000723e00000, 0x0000000723e00000|100%| S|CS|TAMS 0x0000000723c00000| PB 0x0000000723c00000| Complete 
| 287|0x0000000723e00000, 0x0000000724000000, 0x0000000724000000|100%| S|CS|TAMS 0x0000000723e00000| PB 0x0000000723e00000| Complete 
| 288|0x0000000724000000, 0x0000000724000000, 0x0000000724200000|  0%| F|  |TAMS 0x0000000724000000| PB 0x0000000724000000| Untracked 
| 289|0x0000000724200000, 0x0000000724200000, 0x0000000724400000|  0%| F|  |TAMS 0x0000000724200000| PB 0x0000000724200000| Untracked 
| 290|0x0000000724400000, 0x0000000724400000, 0x0000000724600000|  0%| F|  |TAMS 0x0000000724400000| PB 0x0000000724400000| Untracked 
| 291|0x0000000724600000, 0x0000000724600000, 0x0000000724800000|  0%| F|  |TAMS 0x0000000724600000| PB 0x0000000724600000| Untracked 
| 292|0x0000000724800000, 0x0000000724800000, 0x0000000724a00000|  0%| F|  |TAMS 0x0000000724800000| PB 0x0000000724800000| Untracked 
| 293|0x0000000724a00000, 0x0000000724a00000, 0x0000000724c00000|  0%| F|  |TAMS 0x0000000724a00000| PB 0x0000000724a00000| Untracked 
| 294|0x0000000724c00000, 0x0000000724c00000, 0x0000000724e00000|  0%| F|  |TAMS 0x0000000724c00000| PB 0x0000000724c00000| Untracked 
| 295|0x0000000724e00000, 0x0000000724e00000, 0x0000000725000000|  0%| F|  |TAMS 0x0000000724e00000| PB 0x0000000724e00000| Untracked 
| 296|0x0000000725000000, 0x0000000725000000, 0x0000000725200000|  0%| F|  |TAMS 0x0000000725000000| PB 0x0000000725000000| Untracked 
| 297|0x0000000725200000, 0x0000000725200000, 0x0000000725400000|  0%| F|  |TAMS 0x0000000725200000| PB 0x0000000725200000| Untracked 
| 298|0x0000000725400000, 0x0000000725400000, 0x0000000725600000|  0%| F|  |TAMS 0x0000000725400000| PB 0x0000000725400000| Untracked 
| 299|0x0000000725600000, 0x0000000725600000, 0x0000000725800000|  0%| F|  |TAMS 0x0000000725600000| PB 0x0000000725600000| Untracked 
| 300|0x0000000725800000, 0x0000000725800000, 0x0000000725a00000|  0%| F|  |TAMS 0x0000000725800000| PB 0x0000000725800000| Untracked 
| 301|0x0000000725a00000, 0x0000000725a00000, 0x0000000725c00000|  0%| F|  |TAMS 0x0000000725a00000| PB 0x0000000725a00000| Untracked 
| 302|0x0000000725c00000, 0x0000000725c00000, 0x0000000725e00000|  0%| F|  |TAMS 0x0000000725c00000| PB 0x0000000725c00000| Untracked 
| 303|0x0000000725e00000, 0x0000000725e00000, 0x0000000726000000|  0%| F|  |TAMS 0x0000000725e00000| PB 0x0000000725e00000| Untracked 
| 304|0x0000000726000000, 0x0000000726000000, 0x0000000726200000|  0%| F|  |TAMS 0x0000000726000000| PB 0x0000000726000000| Untracked 
| 305|0x0000000726200000, 0x0000000726200000, 0x0000000726400000|  0%| F|  |TAMS 0x0000000726200000| PB 0x0000000726200000| Untracked 
| 306|0x0000000726400000, 0x0000000726400000, 0x0000000726600000|  0%| F|  |TAMS 0x0000000726400000| PB 0x0000000726400000| Untracked 
| 307|0x0000000726600000, 0x0000000726600000, 0x0000000726800000|  0%| F|  |TAMS 0x0000000726600000| PB 0x0000000726600000| Untracked 
| 308|0x0000000726800000, 0x0000000726800000, 0x0000000726a00000|  0%| F|  |TAMS 0x0000000726800000| PB 0x0000000726800000| Untracked 
| 309|0x0000000726a00000, 0x0000000726a00000, 0x0000000726c00000|  0%| F|  |TAMS 0x0000000726a00000| PB 0x0000000726a00000| Untracked 
| 310|0x0000000726c00000, 0x0000000726c00000, 0x0000000726e00000|  0%| F|  |TAMS 0x0000000726c00000| PB 0x0000000726c00000| Untracked 
| 311|0x0000000726e00000, 0x0000000726e00000, 0x0000000727000000|  0%| F|  |TAMS 0x0000000726e00000| PB 0x0000000726e00000| Untracked 
| 312|0x0000000727000000, 0x0000000727000000, 0x0000000727200000|  0%| F|  |TAMS 0x0000000727000000| PB 0x0000000727000000| Untracked 
| 313|0x0000000727200000, 0x0000000727200000, 0x0000000727400000|  0%| F|  |TAMS 0x0000000727200000| PB 0x0000000727200000| Untracked 
| 314|0x0000000727400000, 0x0000000727400000, 0x0000000727600000|  0%| F|  |TAMS 0x0000000727400000| PB 0x0000000727400000| Untracked 
| 315|0x0000000727600000, 0x0000000727600000, 0x0000000727800000|  0%| F|  |TAMS 0x0000000727600000| PB 0x0000000727600000| Untracked 
| 316|0x0000000727800000, 0x0000000727800000, 0x0000000727a00000|  0%| F|  |TAMS 0x0000000727800000| PB 0x0000000727800000| Untracked 
| 317|0x0000000727a00000, 0x0000000727a00000, 0x0000000727c00000|  0%| F|  |TAMS 0x0000000727a00000| PB 0x0000000727a00000| Untracked 
| 318|0x0000000727c00000, 0x0000000727c00000, 0x0000000727e00000|  0%| F|  |TAMS 0x0000000727c00000| PB 0x0000000727c00000| Untracked 
| 319|0x0000000727e00000, 0x0000000727e00000, 0x0000000728000000|  0%| F|  |TAMS 0x0000000727e00000| PB 0x0000000727e00000| Untracked 
| 320|0x0000000728000000, 0x0000000728000000, 0x0000000728200000|  0%| F|  |TAMS 0x0000000728000000| PB 0x0000000728000000| Untracked 
| 321|0x0000000728200000, 0x0000000728200000, 0x0000000728400000|  0%| F|  |TAMS 0x0000000728200000| PB 0x0000000728200000| Untracked 
| 322|0x0000000728400000, 0x0000000728400000, 0x0000000728600000|  0%| F|  |TAMS 0x0000000728400000| PB 0x0000000728400000| Untracked 
| 323|0x0000000728600000, 0x0000000728600000, 0x0000000728800000|  0%| F|  |TAMS 0x0000000728600000| PB 0x0000000728600000| Untracked 
| 324|0x0000000728800000, 0x0000000728800000, 0x0000000728a00000|  0%| F|  |TAMS 0x0000000728800000| PB 0x0000000728800000| Untracked 
| 325|0x0000000728a00000, 0x0000000728a00000, 0x0000000728c00000|  0%| F|  |TAMS 0x0000000728a00000| PB 0x0000000728a00000| Untracked 
| 326|0x0000000728c00000, 0x0000000728c00000, 0x0000000728e00000|  0%| F|  |TAMS 0x0000000728c00000| PB 0x0000000728c00000| Untracked 
| 327|0x0000000728e00000, 0x0000000728e00000, 0x0000000729000000|  0%| F|  |TAMS 0x0000000728e00000| PB 0x0000000728e00000| Untracked 
| 328|0x0000000729000000, 0x0000000729000000, 0x0000000729200000|  0%| F|  |TAMS 0x0000000729000000| PB 0x0000000729000000| Untracked 
| 329|0x0000000729200000, 0x0000000729200000, 0x0000000729400000|  0%| F|  |TAMS 0x0000000729200000| PB 0x0000000729200000| Untracked 
| 330|0x0000000729400000, 0x0000000729400000, 0x0000000729600000|  0%| F|  |TAMS 0x0000000729400000| PB 0x0000000729400000| Untracked 
| 331|0x0000000729600000, 0x0000000729600000, 0x0000000729800000|  0%| F|  |TAMS 0x0000000729600000| PB 0x0000000729600000| Untracked 
| 332|0x0000000729800000, 0x0000000729800000, 0x0000000729a00000|  0%| F|  |TAMS 0x0000000729800000| PB 0x0000000729800000| Untracked 
| 333|0x0000000729a00000, 0x0000000729a00000, 0x0000000729c00000|  0%| F|  |TAMS 0x0000000729a00000| PB 0x0000000729a00000| Untracked 
| 334|0x0000000729c00000, 0x0000000729c00000, 0x0000000729e00000|  0%| F|  |TAMS 0x0000000729c00000| PB 0x0000000729c00000| Untracked 
| 335|0x0000000729e00000, 0x0000000729e00000, 0x000000072a000000|  0%| F|  |TAMS 0x0000000729e00000| PB 0x0000000729e00000| Untracked 
| 336|0x000000072a000000, 0x000000072a000000, 0x000000072a200000|  0%| F|  |TAMS 0x000000072a000000| PB 0x000000072a000000| Untracked 
| 337|0x000000072a200000, 0x000000072a200000, 0x000000072a400000|  0%| F|  |TAMS 0x000000072a200000| PB 0x000000072a200000| Untracked 
| 338|0x000000072a400000, 0x000000072a400000, 0x000000072a600000|  0%| F|  |TAMS 0x000000072a400000| PB 0x000000072a400000| Untracked 
| 339|0x000000072a600000, 0x000000072a600000, 0x000000072a800000|  0%| F|  |TAMS 0x000000072a600000| PB 0x000000072a600000| Untracked 
| 340|0x000000072a800000, 0x000000072a800000, 0x000000072aa00000|  0%| F|  |TAMS 0x000000072a800000| PB 0x000000072a800000| Untracked 
| 341|0x000000072aa00000, 0x000000072aa00000, 0x000000072ac00000|  0%| F|  |TAMS 0x000000072aa00000| PB 0x000000072aa00000| Untracked 
| 342|0x000000072ac00000, 0x000000072ac00000, 0x000000072ae00000|  0%| F|  |TAMS 0x000000072ac00000| PB 0x000000072ac00000| Untracked 
| 343|0x000000072ae00000, 0x000000072ae00000, 0x000000072b000000|  0%| F|  |TAMS 0x000000072ae00000| PB 0x000000072ae00000| Untracked 
| 344|0x000000072b000000, 0x000000072b000000, 0x000000072b200000|  0%| F|  |TAMS 0x000000072b000000| PB 0x000000072b000000| Untracked 
| 345|0x000000072b200000, 0x000000072b200000, 0x000000072b400000|  0%| F|  |TAMS 0x000000072b200000| PB 0x000000072b200000| Untracked 
| 346|0x000000072b400000, 0x000000072b400000, 0x000000072b600000|  0%| F|  |TAMS 0x000000072b400000| PB 0x000000072b400000| Untracked 
| 347|0x000000072b600000, 0x000000072b600000, 0x000000072b800000|  0%| F|  |TAMS 0x000000072b600000| PB 0x000000072b600000| Untracked 
| 348|0x000000072b800000, 0x000000072b800000, 0x000000072ba00000|  0%| F|  |TAMS 0x000000072b800000| PB 0x000000072b800000| Untracked 
| 349|0x000000072ba00000, 0x000000072ba00000, 0x000000072bc00000|  0%| F|  |TAMS 0x000000072ba00000| PB 0x000000072ba00000| Untracked 
| 350|0x000000072bc00000, 0x000000072bc00000, 0x000000072be00000|  0%| F|  |TAMS 0x000000072bc00000| PB 0x000000072bc00000| Untracked 
| 351|0x000000072be00000, 0x000000072be00000, 0x000000072c000000|  0%| F|  |TAMS 0x000000072be00000| PB 0x000000072be00000| Untracked 
| 352|0x000000072c000000, 0x000000072c000000, 0x000000072c200000|  0%| F|  |TAMS 0x000000072c000000| PB 0x000000072c000000| Untracked 
| 353|0x000000072c200000, 0x000000072c200000, 0x000000072c400000|  0%| F|  |TAMS 0x000000072c200000| PB 0x000000072c200000| Untracked 
| 354|0x000000072c400000, 0x000000072c400000, 0x000000072c600000|  0%| F|  |TAMS 0x000000072c400000| PB 0x000000072c400000| Untracked 
| 355|0x000000072c600000, 0x000000072c600000, 0x000000072c800000|  0%| F|  |TAMS 0x000000072c600000| PB 0x000000072c600000| Untracked 
| 356|0x000000072c800000, 0x000000072c800000, 0x000000072ca00000|  0%| F|  |TAMS 0x000000072c800000| PB 0x000000072c800000| Untracked 
| 357|0x000000072ca00000, 0x000000072ca00000, 0x000000072cc00000|  0%| F|  |TAMS 0x000000072ca00000| PB 0x000000072ca00000| Untracked 
| 358|0x000000072cc00000, 0x000000072cc00000, 0x000000072ce00000|  0%| F|  |TAMS 0x000000072cc00000| PB 0x000000072cc00000| Untracked 
| 359|0x000000072ce00000, 0x000000072ce00000, 0x000000072d000000|  0%| F|  |TAMS 0x000000072ce00000| PB 0x000000072ce00000| Untracked 
| 360|0x000000072d000000, 0x000000072d000000, 0x000000072d200000|  0%| F|  |TAMS 0x000000072d000000| PB 0x000000072d000000| Untracked 
| 361|0x000000072d200000, 0x000000072d200000, 0x000000072d400000|  0%| F|  |TAMS 0x000000072d200000| PB 0x000000072d200000| Untracked 
| 362|0x000000072d400000, 0x000000072d400000, 0x000000072d600000|  0%| F|  |TAMS 0x000000072d400000| PB 0x000000072d400000| Untracked 
| 363|0x000000072d600000, 0x000000072d600000, 0x000000072d800000|  0%| F|  |TAMS 0x000000072d600000| PB 0x000000072d600000| Untracked 
| 364|0x000000072d800000, 0x000000072d800000, 0x000000072da00000|  0%| F|  |TAMS 0x000000072d800000| PB 0x000000072d800000| Untracked 
| 365|0x000000072da00000, 0x000000072da00000, 0x000000072dc00000|  0%| F|  |TAMS 0x000000072da00000| PB 0x000000072da00000| Untracked 
| 366|0x000000072dc00000, 0x000000072dc00000, 0x000000072de00000|  0%| F|  |TAMS 0x000000072dc00000| PB 0x000000072dc00000| Untracked 
| 367|0x000000072de00000, 0x000000072de00000, 0x000000072e000000|  0%| F|  |TAMS 0x000000072de00000| PB 0x000000072de00000| Untracked 
| 368|0x000000072e000000, 0x000000072e000000, 0x000000072e200000|  0%| F|  |TAMS 0x000000072e000000| PB 0x000000072e000000| Untracked 
| 369|0x000000072e200000, 0x000000072e200000, 0x000000072e400000|  0%| F|  |TAMS 0x000000072e200000| PB 0x000000072e200000| Untracked 
| 370|0x000000072e400000, 0x000000072e400000, 0x000000072e600000|  0%| F|  |TAMS 0x000000072e400000| PB 0x000000072e400000| Untracked 
| 371|0x000000072e600000, 0x000000072e600000, 0x000000072e800000|  0%| F|  |TAMS 0x000000072e600000| PB 0x000000072e600000| Untracked 
| 372|0x000000072e800000, 0x000000072e800000, 0x000000072ea00000|  0%| F|  |TAMS 0x000000072e800000| PB 0x000000072e800000| Untracked 
| 373|0x000000072ea00000, 0x000000072ea00000, 0x000000072ec00000|  0%| F|  |TAMS 0x000000072ea00000| PB 0x000000072ea00000| Untracked 
| 374|0x000000072ec00000, 0x000000072ec00000, 0x000000072ee00000|  0%| F|  |TAMS 0x000000072ec00000| PB 0x000000072ec00000| Untracked 
| 375|0x000000072ee00000, 0x000000072ee00000, 0x000000072f000000|  0%| F|  |TAMS 0x000000072ee00000| PB 0x000000072ee00000| Untracked 
| 376|0x000000072f000000, 0x000000072f000000, 0x000000072f200000|  0%| F|  |TAMS 0x000000072f000000| PB 0x000000072f000000| Untracked 
| 377|0x000000072f200000, 0x000000072f200000, 0x000000072f400000|  0%| F|  |TAMS 0x000000072f200000| PB 0x000000072f200000| Untracked 
| 378|0x000000072f400000, 0x000000072f400000, 0x000000072f600000|  0%| F|  |TAMS 0x000000072f400000| PB 0x000000072f400000| Untracked 
| 379|0x000000072f600000, 0x000000072f600000, 0x000000072f800000|  0%| F|  |TAMS 0x000000072f600000| PB 0x000000072f600000| Untracked 
| 380|0x000000072f800000, 0x000000072f800000, 0x000000072fa00000|  0%| F|  |TAMS 0x000000072f800000| PB 0x000000072f800000| Untracked 
| 381|0x000000072fa00000, 0x000000072fa00000, 0x000000072fc00000|  0%| F|  |TAMS 0x000000072fa00000| PB 0x000000072fa00000| Untracked 
| 382|0x000000072fc00000, 0x000000072fc00000, 0x000000072fe00000|  0%| F|  |TAMS 0x000000072fc00000| PB 0x000000072fc00000| Untracked 
| 383|0x000000072fe00000, 0x000000072fe00000, 0x0000000730000000|  0%| F|  |TAMS 0x000000072fe00000| PB 0x000000072fe00000| Untracked 
| 384|0x0000000730000000, 0x0000000730000000, 0x0000000730200000|  0%| F|  |TAMS 0x0000000730000000| PB 0x0000000730000000| Untracked 
| 385|0x0000000730200000, 0x0000000730200000, 0x0000000730400000|  0%| F|  |TAMS 0x0000000730200000| PB 0x0000000730200000| Untracked 
| 386|0x0000000730400000, 0x0000000730400000, 0x0000000730600000|  0%| F|  |TAMS 0x0000000730400000| PB 0x0000000730400000| Untracked 
| 387|0x0000000730600000, 0x0000000730600000, 0x0000000730800000|  0%| F|  |TAMS 0x0000000730600000| PB 0x0000000730600000| Untracked 
| 388|0x0000000730800000, 0x0000000730800000, 0x0000000730a00000|  0%| F|  |TAMS 0x0000000730800000| PB 0x0000000730800000| Untracked 
| 389|0x0000000730a00000, 0x0000000730a00000, 0x0000000730c00000|  0%| F|  |TAMS 0x0000000730a00000| PB 0x0000000730a00000| Untracked 
| 390|0x0000000730c00000, 0x0000000730c00000, 0x0000000730e00000|  0%| F|  |TAMS 0x0000000730c00000| PB 0x0000000730c00000| Untracked 
| 391|0x0000000730e00000, 0x0000000730e00000, 0x0000000731000000|  0%| F|  |TAMS 0x0000000730e00000| PB 0x0000000730e00000| Untracked 
| 392|0x0000000731000000, 0x0000000731000000, 0x0000000731200000|  0%| F|  |TAMS 0x0000000731000000| PB 0x0000000731000000| Untracked 
| 393|0x0000000731200000, 0x0000000731200000, 0x0000000731400000|  0%| F|  |TAMS 0x0000000731200000| PB 0x0000000731200000| Untracked 
| 394|0x0000000731400000, 0x0000000731400000, 0x0000000731600000|  0%| F|  |TAMS 0x0000000731400000| PB 0x0000000731400000| Untracked 
| 395|0x0000000731600000, 0x0000000731600000, 0x0000000731800000|  0%| F|  |TAMS 0x0000000731600000| PB 0x0000000731600000| Untracked 
| 396|0x0000000731800000, 0x0000000731800000, 0x0000000731a00000|  0%| F|  |TAMS 0x0000000731800000| PB 0x0000000731800000| Untracked 
| 397|0x0000000731a00000, 0x0000000731a00000, 0x0000000731c00000|  0%| F|  |TAMS 0x0000000731a00000| PB 0x0000000731a00000| Untracked 
| 398|0x0000000731c00000, 0x0000000731c00000, 0x0000000731e00000|  0%| F|  |TAMS 0x0000000731c00000| PB 0x0000000731c00000| Untracked 
| 399|0x0000000731e00000, 0x0000000731e00000, 0x0000000732000000|  0%| F|  |TAMS 0x0000000731e00000| PB 0x0000000731e00000| Untracked 
| 400|0x0000000732000000, 0x0000000732000000, 0x0000000732200000|  0%| F|  |TAMS 0x0000000732000000| PB 0x0000000732000000| Untracked 
| 401|0x0000000732200000, 0x0000000732200000, 0x0000000732400000|  0%| F|  |TAMS 0x0000000732200000| PB 0x0000000732200000| Untracked 
| 402|0x0000000732400000, 0x0000000732400000, 0x0000000732600000|  0%| F|  |TAMS 0x0000000732400000| PB 0x0000000732400000| Untracked 
| 403|0x0000000732600000, 0x0000000732600000, 0x0000000732800000|  0%| F|  |TAMS 0x0000000732600000| PB 0x0000000732600000| Untracked 
| 404|0x0000000732800000, 0x0000000732800000, 0x0000000732a00000|  0%| F|  |TAMS 0x0000000732800000| PB 0x0000000732800000| Untracked 
| 405|0x0000000732a00000, 0x0000000732a00000, 0x0000000732c00000|  0%| F|  |TAMS 0x0000000732a00000| PB 0x0000000732a00000| Untracked 
| 406|0x0000000732c00000, 0x0000000732c00000, 0x0000000732e00000|  0%| F|  |TAMS 0x0000000732c00000| PB 0x0000000732c00000| Untracked 
| 407|0x0000000732e00000, 0x0000000732e00000, 0x0000000733000000|  0%| F|  |TAMS 0x0000000732e00000| PB 0x0000000732e00000| Untracked 
| 408|0x0000000733000000, 0x0000000733000000, 0x0000000733200000|  0%| F|  |TAMS 0x0000000733000000| PB 0x0000000733000000| Untracked 
| 409|0x0000000733200000, 0x0000000733200000, 0x0000000733400000|  0%| F|  |TAMS 0x0000000733200000| PB 0x0000000733200000| Untracked 
| 410|0x0000000733400000, 0x0000000733400000, 0x0000000733600000|  0%| F|  |TAMS 0x0000000733400000| PB 0x0000000733400000| Untracked 
| 411|0x0000000733600000, 0x0000000733600000, 0x0000000733800000|  0%| F|  |TAMS 0x0000000733600000| PB 0x0000000733600000| Untracked 
| 412|0x0000000733800000, 0x0000000733800000, 0x0000000733a00000|  0%| F|  |TAMS 0x0000000733800000| PB 0x0000000733800000| Untracked 
| 413|0x0000000733a00000, 0x0000000733a00000, 0x0000000733c00000|  0%| F|  |TAMS 0x0000000733a00000| PB 0x0000000733a00000| Untracked 
| 414|0x0000000733c00000, 0x0000000733c00000, 0x0000000733e00000|  0%| F|  |TAMS 0x0000000733c00000| PB 0x0000000733c00000| Untracked 
| 415|0x0000000733e00000, 0x0000000733e00000, 0x0000000734000000|  0%| F|  |TAMS 0x0000000733e00000| PB 0x0000000733e00000| Untracked 
| 416|0x0000000734000000, 0x0000000734000000, 0x0000000734200000|  0%| F|  |TAMS 0x0000000734000000| PB 0x0000000734000000| Untracked 
| 417|0x0000000734200000, 0x0000000734200000, 0x0000000734400000|  0%| F|  |TAMS 0x0000000734200000| PB 0x0000000734200000| Untracked 
| 418|0x0000000734400000, 0x0000000734400000, 0x0000000734600000|  0%| F|  |TAMS 0x0000000734400000| PB 0x0000000734400000| Untracked 
| 419|0x0000000734600000, 0x0000000734600000, 0x0000000734800000|  0%| F|  |TAMS 0x0000000734600000| PB 0x0000000734600000| Untracked 
| 420|0x0000000734800000, 0x0000000734a00000, 0x0000000734a00000|100%| E|  |TAMS 0x0000000734800000| PB 0x0000000734800000| Complete 
| 421|0x0000000734a00000, 0x0000000734c00000, 0x0000000734c00000|100%| E|CS|TAMS 0x0000000734a00000| PB 0x0000000734a00000| Complete 
| 422|0x0000000734c00000, 0x0000000734e00000, 0x0000000734e00000|100%| E|CS|TAMS 0x0000000734c00000| PB 0x0000000734c00000| Complete 
| 423|0x0000000734e00000, 0x0000000735000000, 0x0000000735000000|100%| E|CS|TAMS 0x0000000734e00000| PB 0x0000000734e00000| Complete 
| 424|0x0000000735000000, 0x0000000735200000, 0x0000000735200000|100%| E|CS|TAMS 0x0000000735000000| PB 0x0000000735000000| Complete 
| 425|0x0000000735200000, 0x0000000735400000, 0x0000000735400000|100%| E|CS|TAMS 0x0000000735200000| PB 0x0000000735200000| Complete 
| 426|0x0000000735400000, 0x0000000735600000, 0x0000000735600000|100%| E|CS|TAMS 0x0000000735400000| PB 0x0000000735400000| Complete 
| 427|0x0000000735600000, 0x0000000735800000, 0x0000000735800000|100%| E|CS|TAMS 0x0000000735600000| PB 0x0000000735600000| Complete 
| 428|0x0000000735800000, 0x0000000735a00000, 0x0000000735a00000|100%| E|CS|TAMS 0x0000000735800000| PB 0x0000000735800000| Complete 
| 429|0x0000000735a00000, 0x0000000735c00000, 0x0000000735c00000|100%| E|CS|TAMS 0x0000000735a00000| PB 0x0000000735a00000| Complete 
| 430|0x0000000735c00000, 0x0000000735e00000, 0x0000000735e00000|100%| E|CS|TAMS 0x0000000735c00000| PB 0x0000000735c00000| Complete 
| 431|0x0000000735e00000, 0x0000000736000000, 0x0000000736000000|100%| E|CS|TAMS 0x0000000735e00000| PB 0x0000000735e00000| Complete 
| 432|0x0000000736000000, 0x0000000736200000, 0x0000000736200000|100%| E|CS|TAMS 0x0000000736000000| PB 0x0000000736000000| Complete 
| 433|0x0000000736200000, 0x0000000736400000, 0x0000000736400000|100%| E|CS|TAMS 0x0000000736200000| PB 0x0000000736200000| Complete 
| 434|0x0000000736400000, 0x0000000736600000, 0x0000000736600000|100%| E|CS|TAMS 0x0000000736400000| PB 0x0000000736400000| Complete 
| 435|0x0000000736600000, 0x0000000736800000, 0x0000000736800000|100%| E|CS|TAMS 0x0000000736600000| PB 0x0000000736600000| Complete 
| 436|0x0000000736800000, 0x0000000736a00000, 0x0000000736a00000|100%| E|CS|TAMS 0x0000000736800000| PB 0x0000000736800000| Complete 
| 437|0x0000000736a00000, 0x0000000736c00000, 0x0000000736c00000|100%| E|CS|TAMS 0x0000000736a00000| PB 0x0000000736a00000| Complete 
| 438|0x0000000736c00000, 0x0000000736e00000, 0x0000000736e00000|100%| E|CS|TAMS 0x0000000736c00000| PB 0x0000000736c00000| Complete 
| 439|0x0000000736e00000, 0x0000000737000000, 0x0000000737000000|100%| E|CS|TAMS 0x0000000736e00000| PB 0x0000000736e00000| Complete 
| 440|0x0000000737000000, 0x0000000737200000, 0x0000000737200000|100%| E|CS|TAMS 0x0000000737000000| PB 0x0000000737000000| Complete 
| 441|0x0000000737200000, 0x0000000737400000, 0x0000000737400000|100%| E|CS|TAMS 0x0000000737200000| PB 0x0000000737200000| Complete 
| 442|0x0000000737400000, 0x0000000737600000, 0x0000000737600000|100%| E|CS|TAMS 0x0000000737400000| PB 0x0000000737400000| Complete 
| 443|0x0000000737600000, 0x0000000737800000, 0x0000000737800000|100%| E|CS|TAMS 0x0000000737600000| PB 0x0000000737600000| Complete 
| 444|0x0000000737800000, 0x0000000737a00000, 0x0000000737a00000|100%| E|CS|TAMS 0x0000000737800000| PB 0x0000000737800000| Complete 
| 445|0x0000000737a00000, 0x0000000737c00000, 0x0000000737c00000|100%| E|CS|TAMS 0x0000000737a00000| PB 0x0000000737a00000| Complete 
| 446|0x0000000737c00000, 0x0000000737e00000, 0x0000000737e00000|100%| E|CS|TAMS 0x0000000737c00000| PB 0x0000000737c00000| Complete 
| 447|0x0000000737e00000, 0x0000000738000000, 0x0000000738000000|100%| E|CS|TAMS 0x0000000737e00000| PB 0x0000000737e00000| Complete 
| 448|0x0000000738000000, 0x0000000738200000, 0x0000000738200000|100%| E|CS|TAMS 0x0000000738000000| PB 0x0000000738000000| Complete 
| 449|0x0000000738200000, 0x0000000738400000, 0x0000000738400000|100%| E|CS|TAMS 0x0000000738200000| PB 0x0000000738200000| Complete 
| 450|0x0000000738400000, 0x0000000738600000, 0x0000000738600000|100%| E|CS|TAMS 0x0000000738400000| PB 0x0000000738400000| Complete 
| 451|0x0000000738600000, 0x0000000738800000, 0x0000000738800000|100%| E|CS|TAMS 0x0000000738600000| PB 0x0000000738600000| Complete 
| 452|0x0000000738800000, 0x0000000738a00000, 0x0000000738a00000|100%| E|CS|TAMS 0x0000000738800000| PB 0x0000000738800000| Complete 
| 453|0x0000000738a00000, 0x0000000738c00000, 0x0000000738c00000|100%| E|CS|TAMS 0x0000000738a00000| PB 0x0000000738a00000| Complete 
| 454|0x0000000738c00000, 0x0000000738e00000, 0x0000000738e00000|100%| E|CS|TAMS 0x0000000738c00000| PB 0x0000000738c00000| Complete 
| 455|0x0000000738e00000, 0x0000000739000000, 0x0000000739000000|100%| E|CS|TAMS 0x0000000738e00000| PB 0x0000000738e00000| Complete 
| 456|0x0000000739000000, 0x0000000739200000, 0x0000000739200000|100%| E|CS|TAMS 0x0000000739000000| PB 0x0000000739000000| Complete 
| 457|0x0000000739200000, 0x0000000739400000, 0x0000000739400000|100%| E|CS|TAMS 0x0000000739200000| PB 0x0000000739200000| Complete 
| 458|0x0000000739400000, 0x0000000739600000, 0x0000000739600000|100%| E|CS|TAMS 0x0000000739400000| PB 0x0000000739400000| Complete 
| 459|0x0000000739600000, 0x0000000739800000, 0x0000000739800000|100%| E|CS|TAMS 0x0000000739600000| PB 0x0000000739600000| Complete 
| 460|0x0000000739800000, 0x0000000739a00000, 0x0000000739a00000|100%| E|CS|TAMS 0x0000000739800000| PB 0x0000000739800000| Complete 
| 461|0x0000000739a00000, 0x0000000739c00000, 0x0000000739c00000|100%| E|CS|TAMS 0x0000000739a00000| PB 0x0000000739a00000| Complete 
| 462|0x0000000739c00000, 0x0000000739e00000, 0x0000000739e00000|100%| E|CS|TAMS 0x0000000739c00000| PB 0x0000000739c00000| Complete 
| 463|0x0000000739e00000, 0x000000073a000000, 0x000000073a000000|100%| E|CS|TAMS 0x0000000739e00000| PB 0x0000000739e00000| Complete 
| 464|0x000000073a000000, 0x000000073a200000, 0x000000073a200000|100%| E|CS|TAMS 0x000000073a000000| PB 0x000000073a000000| Complete 
| 465|0x000000073a200000, 0x000000073a400000, 0x000000073a400000|100%| E|CS|TAMS 0x000000073a200000| PB 0x000000073a200000| Complete 
| 466|0x000000073a400000, 0x000000073a600000, 0x000000073a600000|100%| E|CS|TAMS 0x000000073a400000| PB 0x000000073a400000| Complete 
| 467|0x000000073a600000, 0x000000073a800000, 0x000000073a800000|100%| E|CS|TAMS 0x000000073a600000| PB 0x000000073a600000| Complete 
| 468|0x000000073a800000, 0x000000073aa00000, 0x000000073aa00000|100%| E|CS|TAMS 0x000000073a800000| PB 0x000000073a800000| Complete 
| 469|0x000000073aa00000, 0x000000073ac00000, 0x000000073ac00000|100%| E|CS|TAMS 0x000000073aa00000| PB 0x000000073aa00000| Complete 
| 470|0x000000073ac00000, 0x000000073ae00000, 0x000000073ae00000|100%| E|CS|TAMS 0x000000073ac00000| PB 0x000000073ac00000| Complete 
| 471|0x000000073ae00000, 0x000000073b000000, 0x000000073b000000|100%| E|CS|TAMS 0x000000073ae00000| PB 0x000000073ae00000| Complete 
| 472|0x000000073b000000, 0x000000073b200000, 0x000000073b200000|100%| E|CS|TAMS 0x000000073b000000| PB 0x000000073b000000| Complete 
| 473|0x000000073b200000, 0x000000073b400000, 0x000000073b400000|100%| E|CS|TAMS 0x000000073b200000| PB 0x000000073b200000| Complete 
| 474|0x000000073b400000, 0x000000073b600000, 0x000000073b600000|100%| E|CS|TAMS 0x000000073b400000| PB 0x000000073b400000| Complete 
| 475|0x000000073b600000, 0x000000073b800000, 0x000000073b800000|100%| E|CS|TAMS 0x000000073b600000| PB 0x000000073b600000| Complete 
| 476|0x000000073b800000, 0x000000073ba00000, 0x000000073ba00000|100%| E|CS|TAMS 0x000000073b800000| PB 0x000000073b800000| Complete 
| 477|0x000000073ba00000, 0x000000073bc00000, 0x000000073bc00000|100%| E|CS|TAMS 0x000000073ba00000| PB 0x000000073ba00000| Complete 
| 478|0x000000073bc00000, 0x000000073be00000, 0x000000073be00000|100%| E|CS|TAMS 0x000000073bc00000| PB 0x000000073bc00000| Complete 
| 479|0x000000073be00000, 0x000000073c000000, 0x000000073c000000|100%| E|CS|TAMS 0x000000073be00000| PB 0x000000073be00000| Complete 
| 480|0x000000073c000000, 0x000000073c200000, 0x000000073c200000|100%| E|CS|TAMS 0x000000073c000000| PB 0x000000073c000000| Complete 
| 481|0x000000073c200000, 0x000000073c400000, 0x000000073c400000|100%| E|CS|TAMS 0x000000073c200000| PB 0x000000073c200000| Complete 
| 482|0x000000073c400000, 0x000000073c600000, 0x000000073c600000|100%| E|CS|TAMS 0x000000073c400000| PB 0x000000073c400000| Complete 
| 483|0x000000073c600000, 0x000000073c800000, 0x000000073c800000|100%| E|CS|TAMS 0x000000073c600000| PB 0x000000073c600000| Complete 
| 484|0x000000073c800000, 0x000000073ca00000, 0x000000073ca00000|100%| E|CS|TAMS 0x000000073c800000| PB 0x000000073c800000| Complete 
| 485|0x000000073ca00000, 0x000000073cc00000, 0x000000073cc00000|100%| E|CS|TAMS 0x000000073ca00000| PB 0x000000073ca00000| Complete 
| 486|0x000000073cc00000, 0x000000073ce00000, 0x000000073ce00000|100%| E|CS|TAMS 0x000000073cc00000| PB 0x000000073cc00000| Complete 
| 487|0x000000073ce00000, 0x000000073d000000, 0x000000073d000000|100%| E|CS|TAMS 0x000000073ce00000| PB 0x000000073ce00000| Complete 
| 488|0x000000073d000000, 0x000000073d200000, 0x000000073d200000|100%| E|CS|TAMS 0x000000073d000000| PB 0x000000073d000000| Complete 
| 489|0x000000073d200000, 0x000000073d400000, 0x000000073d400000|100%| E|CS|TAMS 0x000000073d200000| PB 0x000000073d200000| Complete 
| 490|0x000000073d400000, 0x000000073d600000, 0x000000073d600000|100%| E|CS|TAMS 0x000000073d400000| PB 0x000000073d400000| Complete 
| 491|0x000000073d600000, 0x000000073d800000, 0x000000073d800000|100%| E|CS|TAMS 0x000000073d600000| PB 0x000000073d600000| Complete 
| 492|0x000000073d800000, 0x000000073da00000, 0x000000073da00000|100%| E|CS|TAMS 0x000000073d800000| PB 0x000000073d800000| Complete 
| 493|0x000000073da00000, 0x000000073dc00000, 0x000000073dc00000|100%| E|CS|TAMS 0x000000073da00000| PB 0x000000073da00000| Complete 
| 494|0x000000073dc00000, 0x000000073de00000, 0x000000073de00000|100%| E|CS|TAMS 0x000000073dc00000| PB 0x000000073dc00000| Complete 
| 495|0x000000073de00000, 0x000000073e000000, 0x000000073e000000|100%| E|CS|TAMS 0x000000073de00000| PB 0x000000073de00000| Complete 
| 496|0x000000073e000000, 0x000000073e200000, 0x000000073e200000|100%| E|CS|TAMS 0x000000073e000000| PB 0x000000073e000000| Complete 
| 497|0x000000073e200000, 0x000000073e400000, 0x000000073e400000|100%| E|CS|TAMS 0x000000073e200000| PB 0x000000073e200000| Complete 
| 498|0x000000073e400000, 0x000000073e600000, 0x000000073e600000|100%| E|CS|TAMS 0x000000073e400000| PB 0x000000073e400000| Complete 
| 499|0x000000073e600000, 0x000000073e800000, 0x000000073e800000|100%| E|CS|TAMS 0x000000073e600000| PB 0x000000073e600000| Complete 
| 500|0x000000073e800000, 0x000000073ea00000, 0x000000073ea00000|100%| E|CS|TAMS 0x000000073e800000| PB 0x000000073e800000| Complete 
| 501|0x000000073ea00000, 0x000000073ec00000, 0x000000073ec00000|100%| E|CS|TAMS 0x000000073ea00000| PB 0x000000073ea00000| Complete 
| 502|0x000000073ec00000, 0x000000073ee00000, 0x000000073ee00000|100%| E|CS|TAMS 0x000000073ec00000| PB 0x000000073ec00000| Complete 
| 503|0x000000073ee00000, 0x000000073f000000, 0x000000073f000000|100%| E|CS|TAMS 0x000000073ee00000| PB 0x000000073ee00000| Complete 
| 504|0x000000073f000000, 0x000000073f200000, 0x000000073f200000|100%| E|CS|TAMS 0x000000073f000000| PB 0x000000073f000000| Complete 
| 505|0x000000073f200000, 0x000000073f400000, 0x000000073f400000|100%| E|CS|TAMS 0x000000073f200000| PB 0x000000073f200000| Complete 
| 506|0x000000073f400000, 0x000000073f600000, 0x000000073f600000|100%| E|CS|TAMS 0x000000073f400000| PB 0x000000073f400000| Complete 
| 507|0x000000073f600000, 0x000000073f800000, 0x000000073f800000|100%| E|CS|TAMS 0x000000073f600000| PB 0x000000073f600000| Complete 
| 508|0x000000073f800000, 0x000000073fa00000, 0x000000073fa00000|100%| E|CS|TAMS 0x000000073f800000| PB 0x000000073f800000| Complete 
| 509|0x000000073fa00000, 0x000000073fc00000, 0x000000073fc00000|100%| E|CS|TAMS 0x000000073fa00000| PB 0x000000073fa00000| Complete 
| 510|0x000000073fc00000, 0x000000073fe00000, 0x000000073fe00000|100%| E|CS|TAMS 0x000000073fc00000| PB 0x000000073fc00000| Complete 
| 511|0x000000073fe00000, 0x0000000740000000, 0x0000000740000000|100%| E|CS|TAMS 0x000000073fe00000| PB 0x000000073fe00000| Complete 

Card table byte_map: [0x0000025bdb800000,0x0000025bdc000000] _byte_map_base: 0x0000025bd8000000

Marking Bits: (CMBitMap*) 0x0000025bc8b3cb20
 Bits: [0x0000025bdc000000, 0x0000025be0000000)

Polling page: 0x0000025bc6990000

Metaspace:

Usage:
  Non-class:     62.48 MB used.
      Class:      7.42 MB used.
       Both:     69.89 MB used.

Virtual space:
  Non-class space:       64.00 MB reserved,      63.31 MB ( 99%) committed,  1 nodes.
      Class space:        1.00 GB reserved,       8.00 MB ( <1%) committed,  1 nodes.
             Both:        1.06 GB reserved,      71.31 MB (  7%) committed. 

Chunk freelists:
   Non-Class:  448.00 KB
       Class:  8.00 MB
        Both:  8.44 MB

MaxMetaspaceSize: unlimited
CompressedClassSpaceSize: 1.00 GB
Initial GC threshold: 21.00 MB
Current GC threshold: 97.94 MB
CDS: on
 - commit_granule_bytes: 65536.
 - commit_granule_words: 8192.
 - virtual_space_node_default_size: 8388608.
 - enlarge_chunks_in_place: 1.
 - use_allocation_guard: 0.


Internal statistics:

num_allocs_failed_limit: 13.
num_arena_births: 1186.
num_arena_deaths: 0.
num_vsnodes_births: 2.
num_vsnodes_deaths: 0.
num_space_committed: 1141.
num_space_uncommitted: 0.
num_chunks_returned_to_freelist: 13.
num_chunks_taken_from_freelist: 4346.
num_chunk_merges: 6.
num_chunk_splits: 2679.
num_chunks_enlarged: 1531.
num_inconsistent_stats: 0.

CodeHeap 'non-profiled nmethods': size=120000Kb used=7496Kb max_used=7496Kb free=112504Kb
 bounds [0x0000025bd37a0000, 0x0000025bd3f00000, 0x0000025bdacd0000]
CodeHeap 'profiled nmethods': size=120000Kb used=24579Kb max_used=24579Kb free=95420Kb
 bounds [0x0000025bcbcd0000, 0x0000025bcd4e0000, 0x0000025bd3200000]
CodeHeap 'non-nmethods': size=5760Kb used=1676Kb max_used=1789Kb free=4083Kb
 bounds [0x0000025bd3200000, 0x0000025bd3470000, 0x0000025bd37a0000]
CodeCache: size=245760Kb, used=33751Kb, max_used=33864Kb, free=212007Kb
 total_blobs=11327, nmethods=10516, adapters=713, full_count=0
Compilation: enabled, stopped_count=0, restarted_count=0

Compilation events (20 events):
Event: 52039.650 Thread 0x0000025be2bc2850 11307       4       java.util.concurrent.locks.AbstractQueuedSynchronizer$ConditionObject::unlinkCancelledWaiters (91 bytes)
Event: 52039.720 Thread 0x0000025be2bc2850 nmethod 11307 0x0000025bd3eef790 code [0x0000025bd3eef920, 0x0000025bd3eefdc8]
Event: 52089.821 Thread 0x0000025be2bc2850 11308   !   4       java.util.concurrent.locks.AbstractQueuedSynchronizer$ConditionObject::newConditionNode (78 bytes)
Event: 52089.869 Thread 0x0000025be2bc2850 nmethod 11308 0x0000025bd3eefe90 code [0x0000025bd3ef0080, 0x0000025bd3ef0580]
Event: 52089.869 Thread 0x0000025be2bc2850 11309       4       java.util.concurrent.locks.AbstractQueuedSynchronizer$ConditionObject::enableWait (84 bytes)
Event: 52089.896 Thread 0x0000025be2bc2850 nmethod 11309 0x0000025bd3ef0890 code [0x0000025bd3ef0a80, 0x0000025bd3ef10e8]
Event: 53541.220 Thread 0x0000025be2c28210 11310       1       org.eclipse.core.internal.jobs.InternalJob::getProgressMonitor (5 bytes)
Event: 53541.227 Thread 0x0000025be2c28210 nmethod 11310 0x0000025bd3ef1410 code [0x0000025bd3ef15a0, 0x0000025bd3ef1670]
Event: 55112.067 Thread 0x0000025be2bc2850 11312       4       java.util.concurrent.locks.AbstractQueuedSynchronizer::acquire (20 bytes)
Event: 55112.098 Thread 0x0000025be2bc2850 nmethod 11312 0x0000025bd3ef1b10 code [0x0000025bd3ef1cc0, 0x0000025bd3ef1f00]
Event: 56241.249 Thread 0x0000025be2c28210 11313       3       java.lang.invoke.DelegatingMethodHandle$Holder::reinvoke_L (20 bytes)
Event: 56241.262 Thread 0x0000025be2c28210 nmethod 11313 0x0000025bcd4ca910 code [0x0000025bcd4caae0, 0x0000025bcd4caee8]
Event: 57141.262 Thread 0x0000025be2c28210 11314       3       java.util.UUID::randomUUID (63 bytes)
Event: 57141.280 Thread 0x0000025be2c28210 nmethod 11314 0x0000025bcd4cb010 code [0x0000025bcd4cb1e0, 0x0000025bcd4cb480]
Event: 57141.282 Thread 0x0000025be2c28210 11315  s    3       sun.security.provider.AbstractDrbg::instantiateIfNecessary (60 bytes)
Event: 57141.284 Thread 0x0000025be2c28210 nmethod 11315 0x0000025bcd4cb590 code [0x0000025bcd4cb780, 0x0000025bcd4cbc60]
Event: 57141.284 Thread 0x0000025be2c28210 11316  s    3       sun.security.provider.HashDrbg::generateAlgorithm (188 bytes)
Event: 57141.312 Thread 0x0000025be2c28210 nmethod 11316 0x0000025bcd4cbd90 code [0x0000025bcd4cc0e0, 0x0000025bcd4ce078]
Event: 57141.312 Thread 0x0000025be2c28210 11317  s    3       org.eclipse.core.internal.jobs.ImplicitJobs::end (79 bytes)
Event: 57141.351 Thread 0x0000025be2c28210 nmethod 11317 0x0000025bcd4ce910 code [0x0000025bcd4cece0, 0x0000025bcd4d04f0]

GC Heap History (10 events):
Event: 5.515 GC heap before
{Heap before GC invocations=0 (full 0):
 garbage-first heap   total 1048576K, used 51200K [0x0000000700000000, 0x0000000800000000)
  region size 2048K, 25 young (51200K), 0 survivors (0K)
 Metaspace       used 7883K, committed 8192K, reserved 1114112K
  class space    used 818K, committed 960K, reserved 1048576K
}
Event: 5.532 GC heap after
{Heap after GC invocations=1 (full 0):
 garbage-first heap   total 1048576K, used 6272K [0x0000000700000000, 0x0000000800000000)
  region size 2048K, 4 young (8192K), 4 survivors (8192K)
 Metaspace       used 7883K, committed 8192K, reserved 1114112K
  class space    used 818K, committed 960K, reserved 1048576K
}
Event: 30.323 GC heap before
{Heap before GC invocations=1 (full 0):
 garbage-first heap   total 1048576K, used 59520K [0x0000000700000000, 0x0000000800000000)
  region size 2048K, 31 young (63488K), 4 survivors (8192K)
 Metaspace       used 11907K, committed 12352K, reserved 1114112K
  class space    used 1260K, committed 1472K, reserved 1048576K
}
Event: 30.336 GC heap after
{Heap after GC invocations=2 (full 0):
 garbage-first heap   total 1048576K, used 12022K [0x0000000700000000, 0x0000000800000000)
  region size 2048K, 3 young (6144K), 3 survivors (6144K)
 Metaspace       used 11907K, committed 12352K, reserved 1114112K
  class space    used 1260K, committed 1472K, reserved 1048576K
}
Event: 32.751 GC heap before
{Heap before GC invocations=2 (full 0):
 garbage-first heap   total 1048576K, used 87798K [0x0000000700000000, 0x0000000800000000)
  region size 2048K, 41 young (83968K), 3 survivors (6144K)
 Metaspace       used 20645K, committed 21504K, reserved 1114112K
  class space    used 2172K, committed 2560K, reserved 1048576K
}
Event: 32.761 GC heap after
{Heap after GC invocations=3 (full 0):
 garbage-first heap   total 1048576K, used 14296K [0x0000000700000000, 0x0000000800000000)
  region size 2048K, 4 young (8192K), 4 survivors (8192K)
 Metaspace       used 20645K, committed 21504K, reserved 1114112K
  class space    used 2172K, committed 2560K, reserved 1048576K
}
Event: 35.147 GC heap before
{Heap before GC invocations=4 (full 0):
 garbage-first heap   total 1048576K, used 145368K [0x0000000700000000, 0x0000000800000000)
  region size 2048K, 70 young (143360K), 4 survivors (8192K)
 Metaspace       used 34929K, committed 35968K, reserved 1114112K
  class space    used 3589K, committed 4096K, reserved 1048576K
}
Event: 35.166 GC heap after
{Heap after GC invocations=5 (full 0):
 garbage-first heap   total 1048576K, used 22112K [0x0000000700000000, 0x0000000800000000)
  region size 2048K, 8 young (16384K), 8 survivors (16384K)
 Metaspace       used 34929K, committed 35968K, reserved 1114112K
  class space    used 3589K, committed 4096K, reserved 1048576K
}
Event: 47.444 GC heap before
{Heap before GC invocations=6 (full 0):
 garbage-first heap   total 1048576K, used 460384K [0x0000000700000000, 0x0000000800000000)
  region size 2048K, 224 young (458752K), 8 survivors (16384K)
 Metaspace       used 58959K, committed 60096K, reserved 1114112K
  class space    used 6378K, committed 6912K, reserved 1048576K
}
Event: 47.490 GC heap after
{Heap after GC invocations=7 (full 0):
 garbage-first heap   total 1048576K, used 45421K [0x0000000700000000, 0x0000000800000000)
  region size 2048K, 20 young (40960K), 20 survivors (40960K)
 Metaspace       used 58959K, committed 60096K, reserved 1114112K
  class space    used 6378K, committed 6912K, reserved 1048576K
}

Dll operation events (12 events):
Event: 0.025 Loaded shared library c:\Users\singh\.vscode\extensions\redhat.java-1.54.0-win32-x64\jre\21.0.10-win32-x86_64\bin\java.dll
Event: 0.552 Loaded shared library c:\Users\singh\.vscode\extensions\redhat.java-1.54.0-win32-x64\jre\21.0.10-win32-x86_64\bin\zip.dll
Event: 0.610 Loaded shared library C:\Users\singh\.vscode\extensions\redhat.java-1.54.0-win32-x64\jre\21.0.10-win32-x86_64\bin\instrument.dll
Event: 0.733 Loaded shared library C:\Users\singh\.vscode\extensions\redhat.java-1.54.0-win32-x64\jre\21.0.10-win32-x86_64\bin\net.dll
Event: 0.855 Loaded shared library C:\Users\singh\.vscode\extensions\redhat.java-1.54.0-win32-x64\jre\21.0.10-win32-x86_64\bin\nio.dll
Event: 0.872 Loaded shared library C:\Users\singh\.vscode\extensions\redhat.java-1.54.0-win32-x64\jre\21.0.10-win32-x86_64\bin\zip.dll
Event: 1.035 Loaded shared library C:\Users\singh\.vscode\extensions\redhat.java-1.54.0-win32-x64\jre\21.0.10-win32-x86_64\bin\jimage.dll
Event: 1.487 Loaded shared library c:\Users\singh\.vscode\extensions\redhat.java-1.54.0-win32-x64\jre\21.0.10-win32-x86_64\bin\verify.dll
Event: 15.646 Loaded shared library C:\Users\singh\AppData\Roaming\Code\User\globalStorage\redhat.java\1.54.0\config_win\org.eclipse.equinox.launcher\org.eclipse.equinox.launcher.win32.win32.x86_64_1.3.0.v20260203-2149\eclipse_11919.dll
Event: 31.815 Loaded shared library C:\Users\singh\AppData\Local\Temp\jna-109441977\jna17878310049588154141.dll
Event: 35.862 Loaded shared library C:\Users\singh\.vscode\extensions\redhat.java-1.54.0-win32-x64\jre\21.0.10-win32-x86_64\bin\sunmscapi.dll
Event: 36.141 Loaded shared library C:\Users\singh\.vscode\extensions\redhat.java-1.54.0-win32-x64\jre\21.0.10-win32-x86_64\bin\extnet.dll

Deoptimization events (20 events):
Event: 348.878 Thread 0x0000025be98a73b0 DEOPT PACKING pc=0x0000025bd3ea5b50 sp=0x000000ff6effea80
Event: 348.878 Thread 0x0000025be98a73b0 DEOPT UNPACKING pc=0x0000025bd3254422 sp=0x000000ff6effe9d0 mode 2
Event: 348.878 Thread 0x0000025be98a73b0 Uncommon trap: trap_request=0xffffffde fr.pc=0x0000025bd3ea5b50 relative=0x0000000000000f70
Event: 348.878 Thread 0x0000025be98a73b0 Uncommon trap: reason=class_check action=maybe_recompile pc=0x0000025bd3ea5b50 method=java.io.DataOutputStream.write([BII)V @ 7 c2
Event: 348.878 Thread 0x0000025be98a73b0 DEOPT PACKING pc=0x0000025bd3ea5b50 sp=0x000000ff6effe9c0
Event: 348.878 Thread 0x0000025be98a73b0 DEOPT UNPACKING pc=0x0000025bd3254422 sp=0x000000ff6effe910 mode 2
Event: 348.879 Thread 0x0000025be98a73b0 Uncommon trap: trap_request=0xffffffde fr.pc=0x0000025bd38c05dc relative=0x0000000000000f7c
Event: 348.879 Thread 0x0000025be98a73b0 Uncommon trap: reason=class_check action=maybe_recompile pc=0x0000025bd38c05dc method=java.io.DataOutputStream.write([BII)V @ 7 c2
Event: 348.879 Thread 0x0000025be98a73b0 DEOPT PACKING pc=0x0000025bd38c05dc sp=0x000000ff6effe9c0
Event: 348.879 Thread 0x0000025be98a73b0 DEOPT UNPACKING pc=0x0000025bd3254422 sp=0x000000ff6effe910 mode 2
Event: 348.881 Thread 0x0000025be98a73b0 Uncommon trap: trap_request=0xffffff45 fr.pc=0x0000025bd3955eb0 relative=0x0000000000000270
Event: 348.881 Thread 0x0000025be98a73b0 Uncommon trap: reason=unstable_if action=reinterpret pc=0x0000025bd3955eb0 method=jdk.internal.org.objectweb.asm.Frame.push(I)V @ 26 c2
Event: 348.881 Thread 0x0000025be98a73b0 DEOPT PACKING pc=0x0000025bd3955eb0 sp=0x000000ff6effd400
Event: 348.881 Thread 0x0000025be98a73b0 DEOPT UNPACKING pc=0x0000025bd3254422 sp=0x000000ff6effd3a8 mode 2
Event: 348.888 Thread 0x0000025be98a73b0 Uncommon trap: trap_request=0xffffffde fr.pc=0x0000025bd38a8250 relative=0x0000000000000ab0
Event: 348.888 Thread 0x0000025be98a73b0 Uncommon trap: reason=class_check action=maybe_recompile pc=0x0000025bd38a8250 method=java.io.DataOutputStream.write([BII)V @ 7 c2
Event: 348.888 Thread 0x0000025be98a73b0 DEOPT PACKING pc=0x0000025bd38a8250 sp=0x000000ff6effe6f0
Event: 348.888 Thread 0x0000025be98a73b0 DEOPT UNPACKING pc=0x0000025bd3254422 sp=0x000000ff6effe610 mode 2
Event: 32840.952 Thread 0x0000025be98a8df0 DEOPT PACKING pc=0x0000025bcc6008db sp=0x000000ff6ecfe890
Event: 32840.952 Thread 0x0000025be98a8df0 DEOPT UNPACKING pc=0x0000025bd3254bc2 sp=0x000000ff6ecfdd18 mode 0

Classes loaded (20 events):
Event: 348.828 Loading class java/util/stream/Nodes$CollectorTask$OfRef
Event: 348.829 Loading class java/util/stream/Nodes$CollectorTask
Event: 348.829 Loading class java/util/stream/Nodes$CollectorTask done
Event: 348.829 Loading class java/util/stream/Nodes$CollectorTask$OfRef done
Event: 348.829 Loading class java/util/function/LongFunction
Event: 348.829 Loading class java/util/function/LongFunction done
Event: 348.829 Loading class java/util/stream/Nodes$ConcNode
Event: 348.830 Loading class java/util/stream/Nodes$AbstractConcNode
Event: 348.830 Loading class java/util/stream/Nodes$AbstractConcNode done
Event: 348.830 Loading class java/util/stream/Nodes$ConcNode done
Event: 348.864 Loading class java/util/stream/Nodes$ToArrayTask$OfRef
Event: 348.864 Loading class java/util/stream/Nodes$ToArrayTask
Event: 348.864 Loading class java/util/stream/Nodes$ToArrayTask done
Event: 348.864 Loading class java/util/stream/Nodes$ToArrayTask$OfRef done
Event: 348.866 Loading class java/io/ObjectOutputStream$BlockDataOutputStream
Event: 348.866 Loading class java/io/ObjectOutputStream$BlockDataOutputStream done
Event: 348.866 Loading class java/io/ObjectOutputStream$HandleTable
Event: 348.870 Loading class java/io/ObjectOutputStream$HandleTable done
Event: 348.870 Loading class java/io/ObjectOutputStream$ReplaceTable
Event: 348.870 Loading class java/io/ObjectOutputStream$ReplaceTable done

Classes unloaded (0 events):
No events

Classes redefined (0 events):
No events

Internal exceptions (20 events):
Event: 53.092 Thread 0x0000025be702d370 Exception <a 'sun/nio/fs/WindowsException'{0x0000000736ed5ca0}> (0x0000000736ed5ca0) 
thrown [s\src\hotspot\share\prims\jni.cpp, line 520]
Event: 53.092 Thread 0x0000025be702d370 Exception <a 'sun/nio/fs/WindowsException'{0x0000000736ed62d0}> (0x0000000736ed62d0) 
thrown [s\src\hotspot\share\prims\jni.cpp, line 520]
Event: 53.154 Thread 0x0000025be98a9b10 Exception <a 'sun/nio/fs/WindowsException'{0x0000000736a96410}> (0x0000000736a96410) 
thrown [s\src\hotspot\share\prims\jni.cpp, line 520]
Event: 53.154 Thread 0x0000025be98a9b10 Exception <a 'sun/nio/fs/WindowsException'{0x0000000736a96a40}> (0x0000000736a96a40) 
thrown [s\src\hotspot\share\prims\jni.cpp, line 520]
Event: 53.187 Thread 0x0000025be98a8df0 Exception <a 'sun/nio/fs/WindowsException'{0x000000073bb28b68}> (0x000000073bb28b68) 
thrown [s\src\hotspot\share\prims\jni.cpp, line 520]
Event: 53.187 Thread 0x0000025be98a8df0 Exception <a 'sun/nio/fs/WindowsException'{0x000000073bb29198}> (0x000000073bb29198) 
thrown [s\src\hotspot\share\prims\jni.cpp, line 520]
Event: 53.188 Thread 0x0000025be98a8df0 Exception <a 'sun/nio/fs/WindowsException'{0x000000073bb29e00}> (0x000000073bb29e00) 
thrown [s\src\hotspot\share\prims\jni.cpp, line 520]
Event: 53.188 Thread 0x0000025be98a8df0 Exception <a 'sun/nio/fs/WindowsException'{0x000000073bb2a430}> (0x000000073bb2a430) 
thrown [s\src\hotspot\share\prims\jni.cpp, line 520]
Event: 53.190 Thread 0x0000025be98a8df0 Exception <a 'sun/nio/fs/WindowsException'{0x000000073bb2b7e0}> (0x000000073bb2b7e0) 
thrown [s\src\hotspot\share\prims\jni.cpp, line 520]
Event: 53.190 Thread 0x0000025be98a8df0 Exception <a 'sun/nio/fs/WindowsException'{0x000000073bb2be10}> (0x000000073bb2be10) 
thrown [s\src\hotspot\share\prims\jni.cpp, line 520]
Event: 53.191 Thread 0x0000025be98a8df0 Exception <a 'sun/nio/fs/WindowsException'{0x000000073bb2ca50}> (0x000000073bb2ca50) 
thrown [s\src\hotspot\share\prims\jni.cpp, line 520]
Event: 53.191 Thread 0x0000025be98a8df0 Exception <a 'sun/nio/fs/WindowsException'{0x000000073bb2d080}> (0x000000073bb2d080) 
thrown [s\src\hotspot\share\prims\jni.cpp, line 520]
Event: 53.299 Thread 0x0000025be702cce0 Exception <a 'java/lang/NoSuchMethodError'{0x0000000736052f58}: 'int java.lang.invoke.DirectMethodHandle$Holder.invokeVirtual(java.lang.Object, java.lang.Object, java.lang.Object, int)'> (0x0000000736052f58) 
thrown [s\src\hotspot\share\interpreter\linkResolver.cpp, line 773]
Event: 53.303 Thread 0x0000025be98a8df0 Exception <a 'java/lang/NoSuchMethodError'{0x00000007360e9730}: 'java.lang.Object java.lang.invoke.DirectMethodHandle$Holder.invokeStatic(java.lang.Object, java.lang.Object, int, java.lang.Object)'> (0x00000007360e9730) 
thrown [s\src\hotspot\share\interpreter\linkResolver.cpp, line 773]
Event: 53.306 Thread 0x0000025be98a8df0 Exception <a 'java/lang/NoSuchMethodError'{0x00000007360efe40}: 'java.lang.Object java.lang.invoke.DirectMethodHandle$Holder.newInvokeSpecial(java.lang.Object, java.lang.Object, int)'> (0x00000007360efe40) 
thrown [s\src\hotspot\share\interpreter\linkResolver.cpp, line 773]
Event: 53.333 Thread 0x0000025be702cce0 Exception <a 'java/lang/NoSuchMethodError'{0x0000000735e1c4b8}: 'void java.lang.invoke.DirectMethodHandle$Holder.invokeSpecial(java.lang.Object, java.lang.Object, int)'> (0x0000000735e1c4b8) 
thrown [s\src\hotspot\share\interpreter\linkResolver.cpp, line 773]
Event: 54.746 Thread 0x0000025be98aa830 Exception <a 'java/lang/IncompatibleClassChangeError'{0x000000073b447460}: Found class java.lang.Object, but interface was expected> (0x000000073b447460) 
thrown [s\src\hotspot\share\interpreter\linkResolver.cpp, line 840]
Event: 54.759 Thread 0x0000025be702cce0 Exception <a 'java/lang/ArrayIndexOutOfBoundsException'{0x00000007355cf358}> (0x00000007355cf358) 
thrown [s\src\hotspot\share\runtime\sharedRuntime.cpp, line 625]
Event: 348.861 Thread 0x0000025be98a73b0 Implicit null exception at 0x0000025bd3eb888f to 0x0000025bd3eb8ba4
Event: 348.882 Thread 0x0000025be98a73b0 Exception <a 'java/lang/NoSuchMethodError'{0x00000007349247a0}: 'java.lang.Object java.lang.invoke.DirectMethodHandle$Holder.newInvokeSpecial(java.lang.Object, java.lang.Object, java.lang.Object, java.lang.Object, java.lang.Object, java.lang.Object, java.lang.Object, java.lang.Object)'> (0x00000007349247a0) 
thrown [s\src\hotspot\share\interpreter\linkResolver.cpp, line 773]

ZGC Phase Switch (0 events):
No events

VM Operations (20 events):
Event: 59155.674 Executing non-safepoint VM operation: HandshakeAllThreads (HandshakeForDeflation)
Event: 59155.674 Executing non-safepoint VM operation: HandshakeAllThreads (HandshakeForDeflation) done
Event: 59155.674 Executing non-safepoint VM operation: RendezvousGCThreads
Event: 59155.674 Executing non-safepoint VM operation: RendezvousGCThreads done
Event: 59275.975 Executing non-safepoint VM operation: HandshakeAllThreads (HandshakeForDeflation)
Event: 59275.975 Executing non-safepoint VM operation: HandshakeAllThreads (HandshakeForDeflation) done
Event: 59275.975 Executing non-safepoint VM operation: RendezvousGCThreads
Event: 59275.975 Executing non-safepoint VM operation: RendezvousGCThreads done
Event: 59336.072 Executing non-safepoint VM operation: HandshakeAllThreads (HandshakeForDeflation)
Event: 59336.072 Executing non-safepoint VM operation: HandshakeAllThreads (HandshakeForDeflation) done
Event: 59336.072 Executing non-safepoint VM operation: RendezvousGCThreads
Event: 59336.072 Executing non-safepoint VM operation: RendezvousGCThreads done
Event: 59396.221 Executing non-safepoint VM operation: HandshakeAllThreads (HandshakeForDeflation)
Event: 59396.221 Executing non-safepoint VM operation: HandshakeAllThreads (HandshakeForDeflation) done
Event: 59396.221 Executing non-safepoint VM operation: RendezvousGCThreads
Event: 59396.221 Executing non-safepoint VM operation: RendezvousGCThreads done
Event: 59456.453 Executing non-safepoint VM operation: HandshakeAllThreads (HandshakeForDeflation)
Event: 59456.454 Executing non-safepoint VM operation: HandshakeAllThreads (HandshakeForDeflation) done
Event: 59456.454 Executing non-safepoint VM operation: RendezvousGCThreads
Event: 59456.454 Executing non-safepoint VM operation: RendezvousGCThreads done

Memory protections (0 events):
No events

Nmethod flushes (20 events):
Event: 47.555 Thread 0x0000025be2a7de20 flushing  nmethod 0x0000025bcc5e0e90
Event: 47.555 Thread 0x0000025be2a7de20 flushing  nmethod 0x0000025bcc5e4410
Event: 47.555 Thread 0x0000025be2a7de20 flushing  nmethod 0x0000025bcc5e4d90
Event: 47.555 Thread 0x0000025be2a7de20 flushing  nmethod 0x0000025bcc5e6a90
Event: 47.555 Thread 0x0000025be2a7de20 flushing  nmethod 0x0000025bcbf15c10
Event: 47.555 Thread 0x0000025be2a7de20 flushing  nmethod 0x0000025bcbf2b210
Event: 47.555 Thread 0x0000025be2a7de20 flushing  nmethod 0x0000025bcbf2b610
Event: 47.555 Thread 0x0000025be2a7de20 flushing  nmethod 0x0000025bcbf2c310
Event: 47.555 Thread 0x0000025be2a7de20 flushing  nmethod 0x0000025bcbf2ca90
Event: 47.555 Thread 0x0000025be2a7de20 flushing  nmethod 0x0000025bcbf2ea90
Event: 47.555 Thread 0x0000025be2a7de20 flushing  nmethod 0x0000025bcbf33510
Event: 47.555 Thread 0x0000025be2a7de20 flushing  nmethod 0x0000025bcbf57690
Event: 47.555 Thread 0x0000025be2a7de20 flushing  nmethod 0x0000025bcc132690
Event: 47.555 Thread 0x0000025be2a7de20 flushing  nmethod 0x0000025bcc133f90
Event: 47.555 Thread 0x0000025be2a7de20 flushing  nmethod 0x0000025bcc134910
Event: 47.555 Thread 0x0000025be2a7de20 flushing  nmethod 0x0000025bcc135310
Event: 47.555 Thread 0x0000025be2a7de20 flushing  nmethod 0x0000025bcc53a310
Event: 47.555 Thread 0x0000025be2a7de20 flushing  nmethod 0x0000025bcc65e290
Event: 47.555 Thread 0x0000025be2a7de20 flushing  nmethod 0x0000025bcc66c710
Event: 47.555 Thread 0x0000025be2a7de20 flushing  nmethod 0x0000025bcc6cb410

Events (20 events):
Event: 348.864 Thread 0x0000025bea7db690 Thread added: 0x0000025bea7df1a0
Event: 348.864 Thread 0x0000025bea7df1a0 Thread exited: 0x0000025bea7df1a0
Event: 348.865 Thread 0x0000025bea7db690 Thread exited: 0x0000025bea7db690
Event: 348.879 Thread 0x0000025be2c28210 Thread added: 0x0000025be8596ac0
Event: 350.326 Thread 0x0000025be702f440 Thread exited: 0x0000025be702f440
Event: 350.326 Thread 0x0000025be7030e80 Thread exited: 0x0000025be7030e80
Event: 350.342 Thread 0x0000025be7031ba0 Thread exited: 0x0000025be7031ba0
Event: 350.357 Thread 0x0000025be702da00 Thread exited: 0x0000025be702da00
Event: 350.357 Thread 0x0000025be702e090 Thread exited: 0x0000025be702e090
Event: 350.380 Thread 0x0000025be7031510 Thread exited: 0x0000025be7031510
Event: 352.987 Thread 0x0000025bea7dd0d0 Thread exited: 0x0000025bea7dd0d0
Event: 353.002 Thread 0x0000025bea7dc3b0 Thread exited: 0x0000025bea7dc3b0
Event: 353.018 Thread 0x0000025bea7db000 Thread exited: 0x0000025bea7db000
Event: 353.018 Thread 0x0000025bea7dbd20 Thread exited: 0x0000025bea7dbd20
Event: 353.018 Thread 0x0000025bea7da970 Thread exited: 0x0000025bea7da970
Event: 353.018 Thread 0x0000025bea7dca40 Thread exited: 0x0000025bea7dca40
Event: 354.168 Thread 0x0000025be8596ac0 Thread exited: 0x0000025be8596ac0
Event: 388.862 Thread 0x0000025bea7d95c0 Thread exited: 0x0000025bea7d95c0
Event: 448.873 Thread 0x0000025be702d370 Thread exited: 0x0000025be702d370
Event: 508.877 Thread 0x0000025be7030160 Thread exited: 0x0000025be7030160


Dynamic libraries:
0x00007ff6286b0000 - 0x00007ff6286be000 	c:\Users\singh\.vscode\extensions\redhat.java-1.54.0-win32-x64\jre\21.0.10-win32-x86_64\bin\java.exe
0x00007ffafe540000 - 0x00007ffafe7a7000 	C:\WINDOWS\SYSTEM32\ntdll.dll
0x00007ffafe2c0000 - 0x00007ffafe389000 	C:\WINDOWS\System32\KERNEL32.DLL
0x00007ffafb130000 - 0x00007ffafb527000 	C:\WINDOWS\System32\KERNELBASE.dll
0x00007ffa53920000 - 0x00007ffa53938000 	c:\Users\singh\.vscode\extensions\redhat.java-1.54.0-win32-x64\jre\21.0.10-win32-x86_64\bin\jli.dll
0x00007ffa52070000 - 0x00007ffa5208e000 	c:\Users\singh\.vscode\extensions\redhat.java-1.54.0-win32-x64\jre\21.0.10-win32-x86_64\bin\VCRUNTIME140.dll
0x00007ffafde10000 - 0x00007ffafdfd6000 	C:\WINDOWS\System32\USER32.dll
0x00007ffafb970000 - 0x00007ffafb997000 	C:\WINDOWS\System32\win32u.dll
0x00007ffafd610000 - 0x00007ffafd63b000 	C:\WINDOWS\System32\GDI32.dll
0x00007ffafb820000 - 0x00007ffafb96b000 	C:\WINDOWS\System32\ucrtbase.dll
0x00007ffae0eb0000 - 0x00007ffae1142000 	C:\WINDOWS\WinSxS\amd64_microsoft.windows.common-controls_6595b64144ccf1df_6.0.26100.8457_none_3e0b2faee331e92d\COMCTL32.dll
0x00007ffafe150000 - 0x00007ffafe1f9000 	C:\WINDOWS\System32\msvcrt.dll
0x00007ffafb000000 - 0x00007ffafb12c000 	C:\WINDOWS\System32\gdi32full.dll
0x00007ffafb530000 - 0x00007ffafb5d3000 	C:\WINDOWS\System32\msvcp_win.dll
0x00007ffafdcb0000 - 0x00007ffafdce2000 	C:\WINDOWS\System32\IMM32.DLL
0x00007ffac3dd0000 - 0x00007ffac3ddc000 	c:\Users\singh\.vscode\extensions\redhat.java-1.54.0-win32-x64\jre\21.0.10-win32-x86_64\bin\vcruntime140_1.dll
0x00007ffa15440000 - 0x00007ffa154cd000 	c:\Users\singh\.vscode\extensions\redhat.java-1.54.0-win32-x64\jre\21.0.10-win32-x86_64\bin\msvcp140.dll
0x00007ffa14690000 - 0x00007ffa15431000 	c:\Users\singh\.vscode\extensions\redhat.java-1.54.0-win32-x64\jre\21.0.10-win32-x86_64\bin\server\jvm.dll
0x00007ffafd4e0000 - 0x00007ffafd596000 	C:\WINDOWS\System32\ADVAPI32.dll
0x00007ffafe390000 - 0x00007ffafe437000 	C:\WINDOWS\System32\sechost.dll
0x00007ffafdcf0000 - 0x00007ffafde08000 	C:\WINDOWS\System32\RPCRT4.dll
0x00007ffafe440000 - 0x00007ffafe4c0000 	C:\WINDOWS\System32\WS2_32.dll
0x00007ffafadd0000 - 0x00007ffafae2e000 	C:\WINDOWS\SYSTEM32\POWRPROF.dll
0x00007ffaea5a0000 - 0x00007ffaea5d6000 	C:\WINDOWS\SYSTEM32\WINMM.dll
0x00007ffaf4840000 - 0x00007ffaf484b000 	C:\WINDOWS\SYSTEM32\VERSION.dll
0x00007ffafadb0000 - 0x00007ffafadc4000 	C:\WINDOWS\SYSTEM32\UMPDC.dll
0x00007ffaf9cd0000 - 0x00007ffaf9ceb000 	C:\WINDOWS\SYSTEM32\kernel.appcore.dll
0x00007ffac3330000 - 0x00007ffac333a000 	c:\Users\singh\.vscode\extensions\redhat.java-1.54.0-win32-x64\jre\21.0.10-win32-x86_64\bin\jimage.dll
0x00007ffaf8e00000 - 0x00007ffaf9042000 	C:\WINDOWS\SYSTEM32\DBGHELP.DLL
0x00007ffafcfa0000 - 0x00007ffafd323000 	C:\WINDOWS\System32\combase.dll
0x00007ffafd740000 - 0x00007ffafd819000 	C:\WINDOWS\System32\OLEAUT32.dll
0x00007ffae7330000 - 0x00007ffae736b000 	C:\WINDOWS\SYSTEM32\dbgcore.DLL
0x00007ffafc210000 - 0x00007ffafc2b8000 	C:\WINDOWS\System32\bcryptPrimitives.dll
0x00007ffac16f0000 - 0x00007ffac16ff000 	c:\Users\singh\.vscode\extensions\redhat.java-1.54.0-win32-x64\jre\21.0.10-win32-x86_64\bin\instrument.dll
0x00007ffa500f0000 - 0x00007ffa50110000 	c:\Users\singh\.vscode\extensions\redhat.java-1.54.0-win32-x64\jre\21.0.10-win32-x86_64\bin\java.dll
0x00007ffafc750000 - 0x00007ffafcebe000 	C:\WINDOWS\System32\SHELL32.dll
0x00007ffafb9a0000 - 0x00007ffafc20c000 	C:\WINDOWS\System32\windows.storage.dll
0x00007ffafd3e0000 - 0x00007ffafd4d6000 	C:\WINDOWS\System32\SHCORE.dll
0x00007ffafd5a0000 - 0x00007ffafd606000 	C:\WINDOWS\System32\shlwapi.dll
0x00007ffafae90000 - 0x00007ffafaeb9000 	C:\WINDOWS\SYSTEM32\profapi.dll
0x00007ffa4d980000 - 0x00007ffa4d998000 	c:\Users\singh\.vscode\extensions\redhat.java-1.54.0-win32-x64\jre\21.0.10-win32-x86_64\bin\zip.dll
0x00007ffaba590000 - 0x00007ffaba5a0000 	C:\Users\singh\.vscode\extensions\redhat.java-1.54.0-win32-x64\jre\21.0.10-win32-x86_64\bin\net.dll
0x00007ffaf31f0000 - 0x00007ffaf3319000 	C:\WINDOWS\SYSTEM32\WINHTTP.dll
0x00007ffafa250000 - 0x00007ffafa2bc000 	C:\WINDOWS\system32\mswsock.dll
0x00007ffa556b0000 - 0x00007ffa556c6000 	C:\Users\singh\.vscode\extensions\redhat.java-1.54.0-win32-x64\jre\21.0.10-win32-x86_64\bin\nio.dll
0x00007ffaba510000 - 0x00007ffaba520000 	c:\Users\singh\.vscode\extensions\redhat.java-1.54.0-win32-x64\jre\21.0.10-win32-x86_64\bin\verify.dll
0x00007ffa4c7f0000 - 0x00007ffa4c835000 	C:\Users\singh\AppData\Roaming\Code\User\globalStorage\redhat.java\1.54.0\config_win\org.eclipse.equinox.launcher\org.eclipse.equinox.launcher.win32.win32.x86_64_1.3.0.v20260203-2149\eclipse_11919.dll
0x00007ffafda80000 - 0x00007ffafdc17000 	C:\WINDOWS\System32\ole32.dll
0x00007ffafa550000 - 0x00007ffafa56b000 	C:\WINDOWS\SYSTEM32\CRYPTSP.dll
0x00007ffaf9c20000 - 0x00007ffaf9c59000 	C:\WINDOWS\system32\rsaenh.dll
0x00007ffafa300000 - 0x00007ffafa333000 	C:\WINDOWS\SYSTEM32\USERENV.dll
0x00007ffafae60000 - 0x00007ffafae8a000 	C:\WINDOWS\SYSTEM32\bcrypt.dll
0x00007ffafa570000 - 0x00007ffafa57c000 	C:\WINDOWS\SYSTEM32\CRYPTBASE.dll
0x00007ffaf96b0000 - 0x00007ffaf96e2000 	C:\WINDOWS\SYSTEM32\IPHLPAPI.DLL
0x00007ffafd330000 - 0x00007ffafd33a000 	C:\WINDOWS\System32\NSI.dll
0x00007ffa15a10000 - 0x00007ffa15a59000 	C:\Users\singh\AppData\Local\Temp\jna-109441977\jna17878310049588154141.dll
0x00007ffafdfe0000 - 0x00007ffafdfe8000 	C:\WINDOWS\System32\PSAPI.DLL
0x00007ffaf4850000 - 0x00007ffaf486d000 	C:\WINDOWS\SYSTEM32\dhcpcsvc6.DLL
0x00007ffaf3460000 - 0x00007ffaf3485000 	C:\WINDOWS\SYSTEM32\dhcpcsvc.DLL
0x00007ffad6420000 - 0x00007ffad642e000 	C:\Users\singh\.vscode\extensions\redhat.java-1.54.0-win32-x64\jre\21.0.10-win32-x86_64\bin\sunmscapi.dll
0x00007ffafb5e0000 - 0x00007ffafb758000 	C:\WINDOWS\System32\CRYPT32.dll
0x00007ffafa770000 - 0x00007ffafa7a0000 	C:\WINDOWS\SYSTEM32\ncrypt.dll
0x00007ffafa720000 - 0x00007ffafa75f000 	C:\WINDOWS\SYSTEM32\NTASN1.dll
0x00007ffaf9740000 - 0x00007ffaf9872000 	C:\WINDOWS\SYSTEM32\DNSAPI.dll
0x00007ffaf3450000 - 0x00007ffaf345b000 	C:\Windows\System32\rasadhlp.dll
0x00007ffaef2a0000 - 0x00007ffaef326000 	C:\WINDOWS\System32\fwpuclnt.dll
0x00007ffad6410000 - 0x00007ffad6419000 	C:\Users\singh\.vscode\extensions\redhat.java-1.54.0-win32-x64\jre\21.0.10-win32-x86_64\bin\extnet.dll

JVMTI agents:
c:\Users\singh\.vscode\extensions\redhat.java-1.54.0-win32-x64\lombok\lombok-1.18.39-4050.jar path:c:\Users\singh\.vscode\extensions\redhat.java-1.54.0-win32-x64\jre\21.0.10-win32-x86_64\bin\instrument.dll, loaded, initialized, instrumentlib options:none

dbghelp: loaded successfully - version: 4.0.5 - missing functions: none
symbol engine: initialized successfully - sym options: 0x614 - pdb path: .;c:\Users\singh\.vscode\extensions\redhat.java-1.54.0-win32-x64\jre\21.0.10-win32-x86_64\bin;C:\WINDOWS\SYSTEM32;C:\WINDOWS\WinSxS\amd64_microsoft.windows.common-controls_6595b64144ccf1df_6.0.26100.8457_none_3e0b2faee331e92d;c:\Users\singh\.vscode\extensions\redhat.java-1.54.0-win32-x64\jre\21.0.10-win32-x86_64\bin\server;C:\Users\singh\AppData\Roaming\Code\User\globalStorage\redhat.java\1.54.0\config_win\org.eclipse.equinox.launcher\org.eclipse.equinox.launcher.win32.win32.x86_64_1.3.0.v20260203-2149;C:\Users\singh\AppData\Local\Temp\jna-109441977

VM Arguments:
jvm_args: --add-modules=ALL-SYSTEM --add-opens=java.base/java.util=ALL-UNNAMED --add-opens=java.base/java.lang=ALL-UNNAMED --add-opens=java.base/sun.nio.fs=ALL-UNNAMED -Declipse.application=org.eclipse.jdt.ls.core.id1 -Dosgi.bundles.defaultStartLevel=4 -Declipse.product=org.eclipse.jdt.ls.core.product -Djava.import.generatesMetadataFilesAtProjectRoot=false -DDetectVMInstallationsJob.disabled=true -Dfile.encoding=utf8 -Xlog:disable -Xms1G -Xmx4G -XX:+UseG1GC -XX:+UseStringDeduplication -javaagent:c:\Users\singh\.vscode\extensions\redhat.java-1.54.0-win32-x64\lombok\lombok-1.18.39-4050.jar -XX:+HeapDumpOnOutOfMemoryError -XX:HeapDumpPath=c:\Users\singh\AppData\Roaming\Code\User\workspaceStorage\5bfa5ff844e019faa1abcc2f27ed1f56\redhat.java -Daether.dependencyCollector.impl=bf 
java_command: c:\Users\singh\.vscode\extensions\redhat.java-1.54.0-win32-x64\server\plugins\org.eclipse.equinox.launcher_1.7.100.v20251111-0406.jar -configuration c:\Users\singh\AppData\Roaming\Code\User\globalStorage\redhat.java\1.54.0\config_win -data c:\Users\singh\AppData\Roaming\Code\User\workspaceStorage\5bfa5ff844e019faa1abcc2f27ed1f56\redhat.java\jdt_ws --pipe=\\.\pipe\lsp-60b87f1ae94310094cc46f6f9cff65bc-sock
java_class_path (initial): c:\Users\singh\.vscode\extensions\redhat.java-1.54.0-win32-x64\server\plugins\org.eclipse.equinox.launcher_1.7.100.v20251111-0406.jar
Launcher Type: SUN_STANDARD

[Global flags]
     intx CICompilerCount                          = 4                                         {product} {ergonomic}
     uint ConcGCThreads                            = 2                                         {product} {ergonomic}
     uint G1ConcRefinementThreads                  = 8                                         {product} {ergonomic}
   size_t G1HeapRegionSize                         = 2097152                                   {product} {ergonomic}
    uintx GCDrainStackTargetSize                   = 64                                        {product} {ergonomic}
     bool HeapDumpOnOutOfMemoryError               = true                                   {manageable} {command line}
    ccstr HeapDumpPath                             = c:\Users\singh\AppData\Roaming\Code\User\workspaceStorage\5bfa5ff844e019faa1abcc2f27ed1f56\redhat.java         {manageable} {command line}
   size_t InitialHeapSize                          = 1073741824                                {product} {command line}
   size_t MarkStackSize                            = 4194304                                   {product} {ergonomic}
   size_t MaxHeapSize                              = 4294967296                                {product} {command line}
   size_t MaxNewSize                               = 2575302656                                {product} {ergonomic}
   size_t MinHeapDeltaBytes                        = 2097152                                   {product} {ergonomic}
   size_t MinHeapSize                              = 1073741824                                {product} {command line}
    uintx NonNMethodCodeHeapSize                   = 5839372                                {pd product} {ergonomic}
    uintx NonProfiledCodeHeapSize                  = 122909434                              {pd product} {ergonomic}
    uintx ProfiledCodeHeapSize                     = 122909434                              {pd product} {ergonomic}
    uintx ReservedCodeCacheSize                    = 251658240                              {pd product} {ergonomic}
     bool SegmentedCodeCache                       = true                                      {product} {ergonomic}
   size_t SoftMaxHeapSize                          = 4294967296                             {manageable} {ergonomic}
     bool UseCompressedOops                        = true                           {product lp64_product} {ergonomic}
     bool UseG1GC                                  = true                                      {product} {command line}
     bool UseLargePagesIndividualAllocation        = false                                  {pd product} {ergonomic}
     bool UseStringDeduplication                   = true                                      {product} {command line}

Logging:
Log output configuration:
 #0: stdout all=off uptime,level,tags foldmultilines=false
 #1: stderr all=off uptime,level,tags foldmultilines=false

Release file:
JAVA_VERSION="21.0.10" 
MODULES="java.base java.compiler java.datatransfer java.xml java.prefs java.desktop java.instrument java.logging java.management java.security.sasl java.naming java.rmi java.management.rmi java.net.http java.scripting java.security.jgss java.transaction.xa java.sql java.sql.rowset java.xml.crypto java.se java.smartcardio jdk.accessibility jdk.internal.jvmstat jdk.attach jdk.charsets jdk.internal.opt jdk.zipfs jdk.compiler jdk.crypto.ec jdk.crypto.cryptoki jdk.crypto.mscapi jdk.dynalink jdk.internal.ed jdk.editpad jdk.hotspot.agent jdk.httpserver jdk.internal.le jdk.internal.vm.ci jdk.internal.vm.compiler jdk.internal.vm.compiler.management jdk.jartool jdk.javadoc jdk.jcmd jdk.management jdk.management.agent jdk.jconsole jdk.jdeps jdk.jdwp.agent jdk.jdi jdk.jfr jdk.jshell jdk.jsobject jdk.jstatd jdk.localedata jdk.management.jfr jdk.naming.dns jdk.naming.rmi jdk.net jdk.nio.mapmode jdk.random jdk.sctp jdk.security.auth jdk.security.jgss jdk.unsupported jdk.unsupported.desktop jdk.xml.dom" 

Environment Variables:
PATH=C:\Program Files\Git\bin;C:\Program Files\Java\jdk-21\bin;C:\Windows\System32\WindowsPowerShell\v1.0\;C:\Windows;C:\Windows\System32;C:\Program Files\nodejs\;C:\Program Files\NVIDIA Corporation\NVIDIA App\NvDLISR;C:\Program Files\Docker\Docker\resources\bin;C:\Program Files\Amazon\AWSCLIV2\;C:\Program Files\Redis;C:\Program Files\PowerShell\7\;C:\Users\singh\AppData\Local\Programs\Python\Python310\Scripts\;C:\Users\singh\AppData\Local\Programs\Python\Python310\;C:\Users\singh\AppData\Local\Microsoft\WindowsApps;C:\src\flutter\bin;C:\Program Files\JetBrains\PyCharm Community Edition 2023.1.1\bin;;C:\Users\singh\AppData\Roaming\npm;C:\Program Files\JetBrains\IntelliJ IDEA Community Edition 2025.2.4\bin;C:\Program Files\Java\jdk-21\bin;C:\Windows\System32\WindowsPowerShell\v1.0\;C:\Users\singh\AppData\Local\Programs\Microsoft VS Code\bin
USERNAME=singh
OS=Windows_NT
PROCESSOR_IDENTIFIER=Intel64 Family 6 Model 158 Stepping 10, GenuineIntel
TMP=C:\Users\singh\AppData\Local\Temp
TEMP=C:\Users\singh\AppData\Local\Temp




Periodic native trim disabled

---------------  S Y S T E M  ---------------

OS:
 Windows 11 , 64 bit Build 26100 (10.0.26100.8328)
OS uptime: 0 days 20:11 hours
Hyper-V role detected

CPU: total 8 (initial active 8) (4 cores per cpu, 2 threads per core) family 6 model 158 stepping 10 microcode 0xde, cx8, cmov, fxsr, ht, mmx, 3dnowpref, sse, sse2, sse3, ssse3, sse4.1, sse4.2, popcnt, lzcnt, tsc, tscinvbit, avx, avx2, aes, erms, clmul, bmi1, bmi2, adx, fma, vzeroupper, clflush, clflushopt, hv, rdtscp, f16c
Processor Information for the first 8 processors :
  Max Mhz: 2304, Current Mhz: 2304, Mhz Limit: 2304

Memory: 4k page, system-wide physical 16226M (279M free)
TotalPageFile size 65378M (AvailPageFile size 0M)
current process WorkingSet (physical memory assigned to process): 13M, peak: 795M
current process commit charge ("private bytes"): 1278M, peak: 1362M

vm_info: OpenJDK 64-Bit Server VM (21.0.10+7-LTS) for windows-amd64 JRE (21.0.10+7-LTS), built on 2026-01-20T00:00:00Z by "admin" with MS VC++ 17.12 (VS2022)

END.
